Geocodigo;Cidade;Latitude;Longitude
1100015;Alta Floresta D'Oeste;-11,92946611;-61,99648167
1100023;Ariquemes;-9,908462867;-63,03326928
1100031;Cabixi;-13,49509833;-60,54466556
1100049;Cacoal;-11,43386503;-61,44294421
1100056;Cerejeiras;-13,19441611;-60,81865333
1100064;Colorado do Oeste;-13,12930711;-60,55015524
1100072;Corumbiara;-12,99820167;-60,94215333
1100080;Costa Marques;-12,43549333;-64,22920778
1100098;Espigão D'Oeste;-11,53042517;-61,01656795
1100106;Guajará-Mirim;-10,77388374;-65,32395182
1100114;Jaru;-10,43594877;-62,47623071
1100122;Ji-Paraná;-10,88205132;-61,94509458
1100130;Machadinho D'Oeste;-9,42556248;-61,99959257
1100148;Nova Brasilândia D'Oeste;-11,72628667;-62,31769444
1100155;Ouro Preto do Oeste;-10,7235739;-62,26105519
1100189;Pimenta Bueno;-11,67753699;-61,18366567
1100205;Porto Velho;-8,76889179;-63,83144565
1100254;Presidente Médici;-11,17088889;-61,90561444
1100262;Rio Crespo;-9,704914444;-62,89857556
1100288;Rolim de Moura;-11,72225891;-61,78578094
1100296;Santa Luzia D'Oeste;-11,90793278;-61,77747889
1100304;Vilhena;-12,74137347;-60,13858387
1100320;São Miguel do Guaporé;-11,69701503;-62,71771403
1100338;Nova Mamoré;-10,40386915;-65,32780353
1100346;Alvorada D'Oeste;-11,34816833;-62,28573889
1100379;Alto Alegre dos Parecis;-12,12767333;-61,85485056
1100403;Alto Paraíso;-9,719854444;-63,31595056
1100452;Buritis;-10,21208182;-63,82862919
1100502;Novo Horizonte do Oeste;-11,70905333;-61,99935167
1100601;Cacaulândia;-10,33871722;-62,90034333
1100700;Campo Novo de Rondônia;-10,56987944;-63,62128556
1100809;Candeias do Jamari;-8,785221577;-63,69937163
1100908;Castanheiras;-11,42715111;-61,94836111
1100924;Chupinguaia;-12,55325667;-60,90264167
1100940;Cujubim;-9,366146111;-62,58045222
1101005;Governador Jorge Teixeira;-10,60972944;-62,72951278
1101104;Itapuã do Oeste;-9,185995;-63,18559
1101203;Ministro Andreazza;-11,19745833;-61,51672
1101302;Mirante da Serra;-11,03063;-62,67465667
1101401;Monte Negro;-10,25939389;-63,29840833
1101435;Nova União;-10,91343;-62,55630278
1101450;Parecis;-12,18112556;-61,60319333
1101468;Pimenteiras do Oeste;-13,48189667;-61,04777556
1101476;Primavera de Rondônia;-11,83000611;-61,31925944
1101484;São Felipe D'Oeste;-11,91121833;-61,51252111
1101492;São Francisco do Guaporé;-12,06584333;-63,56917667
1101500;Seringueiras;-11,76988222;-63,03376889
1101559;Teixeirópolis;-10,93366222;-62,25629722
1101609;Theobroma;-10,24742812;-62,35038273
1101708;Urupá;-11,12819389;-62,37091111
1101757;Vale do Anari;-9,857653889;-62,17461056
1101807;Vale do Paraíso;-10,42677167;-62,12852611
1200013;Acrelândia;-10,07568889;-67,05202278
1200054;Assis Brasil;-10,93978307;-69,5664641
1200104;Brasiléia;-11,015565;-68,746635
1200138;Bujari;-9,823404014;-67,94826048
1200179;Capixaba;-10,57489167;-67,67683056
1200203;Cruzeiro do Sul;-7,630639712;-72,67258964
1200252;Epitaciolândia;-11,02546056;-68,74299611
1200302;Feijó;-8,163999;-70,353999
1200328;Jordão;-9,193354646;-71,94867391
1200336;Mâncio Lima;-7,613724444;-72,90473556
1200344;Manoel Urbano;-8,840003239;-69,26084513
1200351;Marechal Thaumaturgo;-8,947580556;-72,78796611
1200385;Plácido de Castro;-10,32690061;-67,18536181
1200393;Porto Walter;-8,266253889;-72,74702944
1200401;Rio Branco;-10,00972682;-67,79035226
1200427;Rodrigues Alves;-7,73416;-72,65060944
1200435;Santa Rosa do Purus;-9,432622435;-70,49290282
1200450;Senador Guiomard;-10,15098278;-67,73494722
1200500;Sena Madureira;-9,067825164;-68,65647434
1200609;Tarauacá;-8,161264444;-70,76627222
1200708;Xapuri;-10,65455722;-68,49772778
1200807;Porto Acre;-9,594195556;-67,54082278
1300029;Alvarães;-3,216583769;-64,81353468
1300060;Amaturá;-3,363186667;-68,19958333
1300086;Anamã;-3,579498204;-61,4044864
1300102;Anori;-3,745385586;-61,65895538
1300144;Apuí;-7,193861111;-59,88149316
1300201;Atalaia do Norte;-4,367830556;-70,19115056
1300300;Autazes;-3,578663642;-59,13356709
1300409;Barcelos;-0,975740964;-62,92755564
1300508;Barreirinha;-2,798149837;-57,06775049
1300607;Benjamin Constant;-4,375923889;-70,03075278
1300631;Beruri;-3,900639983;-61,37400158
1300680;Boa Vista do Ramos;-2,971726532;-57,58770735
1300706;Boca do Acre;-8,747467196;-67,39731809
1300805;Borba;-4,388755702;-59,59427238
1300839;Caapiranga;-3,330093392;-61,21133413
1300904;Canutama;-6,534962591;-64,38539402
1301001;Carauari;-4,882596111;-66,89913111
1301100;Careiro;-3,82244727;-60,36380984
1301159;Careiro da Várzea;-3,197396595;-59,82631406
1301209;Coari;-4,086643333;-63,13564722
1301308;Codajás;-3,843045933;-62,06342966
1301407;Eirunepé;-6,662554444;-69,87081222
1301506;Envira;-7,432168889;-70,02346444
1301605;Fonte Boa;-2,515919444;-66,09035556
1301654;Guajará;-7,549809444;-72,58811389
1301704;Humaitá;-7,510949531;-63,03254126
1301803;Ipixuna;-7,050999444;-71,68959167
1301852;Iranduba;-3,281053878;-60,19338817
1301902;Itacoatiara;-3,140378804;-58,44017544
1301951;Itamarati;-6,428991111;-68,25298722
1302009;Itapiranga;-2,746291142;-58,02445813
1302108;Japurá;-1,880842218;-66,99690366
1302207;Juruá;-3,478282222;-66,06979611
1302306;Jutaí;-2,749017222;-66,76963111
1302405;Lábrea;-7,260415;-64,79663278
1302504;Manacapuru;-3,298278036;-60,62058945
1302553;Manaquiri;-3,429079669;-60,45888131
1302603;Manaus;-3,102362665;-60,02550741
1302702;Manicoré;-5,811007222;-61,29402056
1302801;Maraã;-1,850580057;-65,58814885
1302900;Maués;-3,386427926;-57,71503439
1303007;Nhamundá;-2,188983767;-56,71471752
1303106;Nova Olinda do Norte;-3,887592832;-59,09307403
1303205;Novo Airão;-2,623432459;-60,94881071
1303304;Novo Aripuanã;-5,123768889;-60,375525
1303403;Parintins;-2,627052586;-56,73629215
1303502;Pauini;-7,714242778;-67,00144167
1303536;Presidente Figueiredo;-2,058429085;-60,02564683
1303569;Rio Preto da Eva;-2,693301542;-59,70473809
1303601;Santa Isabel do Rio Negro;-0,416694832;-65,02002264
1303700;Santo Antônio do Içá;-3,103162222;-67,946205
1303809;São Gabriel da Cachoeira;-0,130186667;-67,08790889
1303908;São Paulo de Olivença;-3,461914444;-68,95105833
1303957;São Sebastião do Uatumã;-2,568376115;-57,8729303
1304005;Silves;-2,83642743;-58,21480086
1304062;Tabatinga;-4,231883676;-69,94624438
1304104;Tapauá;-5,621551671;-63,18760369
1304203;Tefé;-3,349814715;-64,71119316
1304237;Tonantins;-2,861641341;-67,77622286
1304260;Uarini;-2,980912625;-65,1627908
1304302;Urucará;-2,534753224;-57,75889241
1304401;Urucurituba;-3,134633116;-58,15964104
1400027;Amajari;3,65215169;-61,41938455
1400050;Alto Alegre;2,988238346;-61,31049726
1400100;Boa Vista;2,819670433;-60,67351102
1400159;Bonfim;3,363731722;-59,82975297
1400175;Cantá;2,609223375;-60,60188034
1400209;Caracaraí;1,808589938;-61,13259815
1400233;Caroebe;0,878011966;-59,69677439
1400282;Iracema;2,166860709;-61,05256465
1400308;Mucajaí;2,445661799;-60,9208992
1400407;Normandia;3,882978285;-59,63520628
1400456;Pacaraima;4,47525934;-61,14730635
1400472;Rorainópolis;0,940860885;-60,4345244
1400506;São João da Baliza;0,947159977;-59,9133473
1400605;São Luiz;1,017069558;-60,03885482
1400704;Uiramutã;4,595017632;-60,16261056
1500107;Abaetetuba;-1,72350278;-48,88442272
1500131;Abel Figueiredo;-4,950501655;-48,39760481
1500206;Acará;-1,962741101;-48,19659298
1500305;Afuá;-0,15728242;-50,39024679
1500347;Água Azul do Norte;-6,808030392;-50,47905913
1500404;Alenquer;-1,951397505;-54,74086235
1500503;Almeirim;-1,525075054;-52,58230604
1500602;Altamira;-3,212090084;-52,21141572
1500701;Anajás;-0,986740456;-49,9446497
1500800;Ananindeua;-1,368713568;-48,37206665
1500859;Anapu;-3,477467425;-51,20860155
1500909;Augusto Corrêa;-1,023576346;-46,64269299
1500958;Aurora do Pará;-2,133429444;-47,5603605
1501006;Aveiro;-3,605595259;-55,33073439
1501105;Bagre;-1,895701169;-50,21274094
1501204;Baião;-2,788385788;-49,67482066
1501253;Bannach;-7,352688699;-50,41069971
1501303;Barcarena;-1,507447907;-48,62206944
1501402;Belém;-1,456356184;-48,5044302
1501451;Belterra;-2,639165329;-54,93478522
1501501;Benevides;-1,361437515;-48,24183645
1501576;Bom Jesus do Tocantins;-5,047927142;-48,59967843
1501600;Bonito;-1,361566476;-47,30473173
1501709;Bragança;-1,052981886;-46,77108493
1501725;Brasil Novo;-3,302514169;-52,53812423
1501758;Brejo Grande do Araguaia;-5,698648318;-48,40271308
1501782;Breu Branco;-3,768698649;-49,55886697
1501808;Breves;-1,675731342;-50,47512577
1501907;Bujaru;-1,513991462;-48,03587501
1501956;Cachoeira do Piriá;-1,760579922;-46,54426929
1502004;Cachoeira do Arari;-1,008786266;-48,96066758
1502103;Cametá;-2,256228119;-49,50673421
1502152;Canaã dos Carajás;-6,529549018;-49,84514778
1502202;Capanema;-1,194752299;-47,1772742
1502301;Capitão Poço;-1,748228202;-47,06329892
1502400;Castanhal;-1,29194497;-47,92235611
1502509;Chaves;-0,16243729;-49,98931861
1502608;Colares;-0,931801667;-48,28444078
1502707;Conceição do Araguaia;-8,26911163;-49,26828133
1502756;Concórdia do Pará;-1,994687892;-47,94515233
1502764;Cumaru do Norte;-7,81056057;-50,77452823
1502772;Curionópolis;-6,096819952;-49,60221423
1502806;Curralinho;-1,811132334;-49,79855915
1502855;Curuá;-1,884701009;-55,11745325
1502905;Curuçá;-0,728422327;-47,85692564
1502939;Dom Eliseu;-4,296137567;-47,55145526
1502954;Eldorado do Carajás;-6,098869475;-49,36558429
1503002;Faro;-2,173271817;-56,74455695
1503044;Floresta do Araguaia;-7,544175205;-49,69519724
1503077;Garrafão do Norte;-1,932911446;-47,04874936
1503093;Goianésia do Pará;-3,842468;-49,10104492
1503101;Gurupá;-1,404187555;-51,64205429
1503200;Igarapé-Açu;-1,126568691;-47,6231236
1503309;Igarapé-Miri;-1,983116;-48,96229947
1503408;Inhangapi;-1,429289101;-47,90863536
1503457;Ipixuna do Pará;-2,556156152;-47,50069401
1503507;Irituia;-1,772802322;-47,44047328
1503606;Itaituba;-4,26372948;-55,99004886
1503705;Itupiranga;-5,132444938;-49,33111142
1503754;Jacareacanga;-6,222182434;-57,7635486
1503804;Jacundá;-4,447121347;-49,11294928
1503903;Juruti;-2,155252995;-56,09499769
1504000;Limoeiro do Ajuru;-1,892798015;-49,38147322
1504059;Mãe do Rio;-2,045630454;-47,55713697
1504109;Magalhães Barata;-0,797446315;-47,60105868
1504208;Marabá;-5,340040664;-49,09251821
1504307;Maracanã;-0,771500525;-47,45165896
1504406;Marapanim;-0,711377107;-47,6964209
1504422;Marituba;-1,346417266;-48,34053588
1504455;Medicilândia;-3,445417412;-52,88834535
1504505;Melgaço;-1,803884521;-50,71578599
1504604;Mocajuba;-2,57863589;-49,50627377
1504703;Moju;-1,89583276;-48,76748848
1504752;Mojuí dos Campos;-2,684137664;-54,64141585
1504802;Monte Alegre;-1,989175223;-54,07789229
1504901;Muaná;-1,529645157;-49,21860261
1504950;Nova Esperança do Piriá;-2,267996566;-46,97031099
1504976;Nova Ipixuna;-4,915096141;-49,08051721
1505007;Nova Timboteua;-1,204420394;-47,39151177
1505031;Novo Progresso;-7,032893731;-55,41453711
1505064;Novo Repartimento;-4,244513112;-49,95205481
1505106;Óbidos;-1,909235496;-55,51632351
1505205;Oeiras do Pará;-2,004956017;-49,85675276
1505304;Oriximiná;-1,7637535;-55,86279952
1505403;Ourém;-1,546200916;-47,11550515
1505437;Ourilândia do Norte;-6,743811877;-51,0790895
1505486;Pacajá;-3,829007653;-50,6286018
1505494;Palestina do Pará;-5,741204995;-48,31942739
1505502;Paragominas;-2,991787602;-47,35905095
1505536;Parauapebas;-6,071360372;-49,89445962
1505551;Pau D'Arco;-7,833567497;-50,04097712
1505601;Peixe-Boi;-1,192267604;-47,32044073
1505635;Piçarra;-6,44273048;-48,8622615
1505650;Placas;-3,867315562;-54,21696813
1505700;Ponta de Pedras;-1,390422946;-48,86843158
1505809;Portel;-1,932244862;-50,82399724
1505908;Porto de Moz;-1,750224751;-52,23665747
1506005;Prainha;-1,796914608;-53,47835714
1506104;Primavera;-0,941420931;-47,11864789
1506112;Quatipuru;-0,894811634;-47,0050384
1506138;Redenção;-8,026968771;-50,03409159
1506161;Rio Maria;-7,307834349;-50,04551775
1506187;Rondon do Pará;-4,777766859;-48,07736588
1506195;Rurópolis;-4,101576415;-54,91023392
1506203;Salinópolis;-0,623921275;-47,34859999
1506302;Salvaterra;-0,754525974;-48,5131866
1506351;Santa Bárbara do Pará;-1,227246143;-48,29700954
1506401;Santa Cruz do Arari;-0,659974126;-49,17161557
1506500;Santa Izabel do Pará;-1,297395901;-48,16305994
1506559;Santa Luzia do Pará;-1,521849901;-46,90119687
1506583;Santa Maria das Barreiras;-8,872163772;-49,71662902
1506609;Santa Maria do Pará;-1,348586013;-47,57393284
1506708;Santana do Araguaia;-9,336317588;-50,34039726
1506807;Santarém;-2,444987283;-54,73132944
1506906;Santarém Novo;-0,928949331;-47,39556567
1507003;Santo Antônio do Tauá;-1,1516925;-48,13243307
1507102;São Caetano de Odivelas;-0,747688104;-48,0247317
1507151;São Domingos do Araguaia;-5,548979195;-48,73014306
1507201;São Domingos do Capim;-1,67609544;-47,77377915
1507300;São Félix do Xingu;-6,639442713;-51,97946037
1507409;São Francisco do Pará;-1,173233537;-47,79914175
1507458;São Geraldo do Araguaia;-6,391275753;-48,56324393
1507466;São João da Ponta;-0,851245378;-47,92105056
1507474;São João de Pirabas;-0,780597473;-47,18140551
1507508;São João do Araguaia;-5,36056978;-48,792541
1507607;São Miguel do Guamá;-1,610689048;-47,48041143
1507706;São Sebastião da Boa Vista;-1,715637435;-49,53159538
1507755;Sapucaia;-6,936008777;-49,70043426
1507805;Senador José Porfírio;-2,593385315;-51,95047392
1507904;Soure;-0,7259255;-48,51601266
1507953;Tailândia;-2,945482125;-48,94478169
1507961;Terra Alta;-1,037004199;-47,90946527
1507979;Terra Santa;-2,108114474;-56,49090477
1508001;Tomé-Açu;-2,414120581;-48,15675973
1508035;Tracuateua;-1,078423746;-46,90264372
1508050;Trairão;-4,701184849;-55,99459732
1508084;Tucumã;-6,761604509;-51,14787412
1508100;Tucuruí;-3,766889084;-49,66718437
1508126;Ulianópolis;-3,739558591;-47,4984381
1508159;Uruará;-3,714246242;-53,73925461
1508209;Vigia;-0,855532574;-48,14149859
1508308;Viseu;-1,202364106;-46,13895856
1508357;Vitória do Xingu;-2,883196214;-52,01027535
1508407;Xinguara;-7,101512827;-49,94270058
1600055;Serra do Navio;0,899698825;-52,00040141
1600105;Amapá;2,053921245;-50,79321447
1600154;Pedra Branca do Amapari;0,776882861;-51,94659427
1600204;Calçoene;2,494607856;-50,94688447
1600212;Cutias;0,97183063;-50,79758222
1600238;Ferreira Gomes;0,854799781;-51,18243041
1600253;Itaubal;0,60298865;-50,69750634
1600279;Laranjal do Jari;-0,840127281;-52,52405083
1600303;Macapá;0,038654623;-51,06644872
1600402;Mazagão;-0,124396329;-51,28607686
1600501;Oiapoque;3,84373293;-51,8307188
1600535;Porto Grande;0,711411188;-51,41002621
1600550;Pracuúba;1,74226879;-50,78336632
1600600;Santana;-0,049446339;-51,17273817
1600709;Tartarugalzinho;1,50984824;-50,91278615
1600808;Vitória do Jari;-0,926948719;-52,4160819
1700251;Abreulândia;-9,62221294;-49,15655314
1700301;Aguiarnópolis;-6,560056058;-47,47713971
1700350;Aliança do Tocantins;-11,3070719;-48,93946646
1700400;Almas;-11,56780134;-47,16625207
1700707;Alvorada;-12,48165764;-49,12524255
1701002;Ananás;-6,367085;-48,07288342
1701051;Angico;-6,389125088;-47,86546144
1701101;Aparecida do Rio Negro;-9,952819958;-47,97208323
1701309;Aragominas;-7,167436945;-48,52743734
1701903;Araguacema;-8,806452239;-49,55573901
1702000;Araguaçu;-12,92724784;-49,83146721
1702109;Araguaína;-7,195377138;-48,21004207
1702158;Araguanã;-6,579891532;-48,6427552
1702208;Araguatins;-5,651040582;-48,11423903
1702307;Arapoema;-7,655473812;-49,06684873
1702406;Arraias;-12,92275889;-46,94850247
1702554;Augustinópolis;-5,467175667;-47,88699654
1702703;Aurora do Tocantins;-12,71376224;-46,40544264
1702901;Axixá do Tocantins;-5,61798391;-47,77212208
1703008;Babaçulândia;-7,204770547;-47,76144661
1703057;Bandeirantes do Tocantins;-7,760424462;-48,57750669
1703073;Barra do Ouro;-7,715712268;-47,67388677
1703107;Barrolândia;-9,834931766;-48,72525252
1703206;Bernardo Sayão;-7,880874131;-48,89584867
1703305;Bom Jesus do Tocantins;-8,964500032;-48,16088884
1703602;Brasilândia do Tocantins;-8,38902495;-48,48444547
1703701;Brejinho de Nazaré;-11,02085152;-48,56838022
1703800;Buriti do Tocantins;-5,318693953;-48,2271832
1703826;Cachoeirinha;-6,117937223;-47,92068306
1703842;Campos Lindos;-7,974118203;-46,80224304
1703867;Cariri do Tocantins;-11,89072274;-49,16239446
1703883;Carmolândia;-7,034993244;-48,39485919
1703891;Carrasco Bonito;-5,322057249;-48,03784537
1703909;Caseara;-9,274306024;-49,95592766
1704105;Centenário;-8,961605551;-47,33807904
1704600;Chapada de Areia;-10,13957544;-49,17816598
1705102;Chapada da Natividade;-11,61535698;-47,75191606
1705508;Colinas do Tocantins;-8,054676818;-48,47860165
1705557;Combinado;-12,81221139;-46,54857928
1705607;Conceição do Tocantins;-12,22228742;-47,29238768
1706001;Couto Magalhães;-8,36024459;-49,17755181
1706100;Cristalândia;-10,59848;-49,194202
1706258;Crixás do Tocantins;-11,10488834;-48,91905852
1706506;Darcinópolis;-6,710128678;-47,75317537
1707009;Dianópolis;-11,62659346;-46,81784272
1707108;Divinópolis do Tocantins;-9,800354813;-49,21293033
1707207;Dois Irmãos do Tocantins;-9,253516513;-49,06578626
1707306;Dueré;-11,34152204;-49,26824471
1707405;Esperantina;-5,366117561;-48,53793034
1707553;Fátima;-10,75787236;-48,90306361
1707652;Figueirópolis;-12,13823176;-49,17121063
1707702;Filadélfia;-7,338387312;-47,49441935
1708205;Formoso do Araguaia;-11,80637947;-49,52520263
1708254;Tabocão;-9,056678392;-48,52041309
1708304;Goianorte;-8,770849065;-48,93608419
1709005;Goiatins;-7,714544585;-47,31646342
1709302;Guaraí;-8,840382958;-48,50995616
1709500;Gurupi;-11,73309697;-49,07177169
1709807;Ipueiras;-11,24179492;-48,4434276
1710508;Itacajá;-8,391810108;-47,77016633
1710706;Itaguatins;-5,776607313;-47,47985074
1710904;Itapiratins;-8,384812069;-48,10663224
1711100;Itaporã do Tocantins;-8,570140092;-48,68961968
1711506;Jaú do Tocantins;-12,65335165;-48,59227788
1711803;Juarina;-8,11944858;-49,09698802
1711902;Lagoa da Confusão;-10,78755532;-49,62134062
1711951;Lagoa do Tocantins;-10,29632095;-47,56532144
1712009;Lajeado;-9,752454113;-48,35584105
1712157;Lavandeira;-12,78751717;-46,50805791
1712405;Lizarda;-9,595405616;-46,67319162
1712454;Luzinópolis;-6,192130311;-47,85624168
1712504;Marianópolis do Tocantins;-9,795119725;-49,65380027
1712702;Mateiros;-10,54637868;-46,41675134
1712801;Maurilândia do Tocantins;-5,954915395;-47,51004454
1713205;Miracema do Tocantins;-9,566564894;-48,3923128
1713304;Miranorte;-9,534575851;-48,58891843
1713601;Monte do Carmo;-10,76436388;-48,11081495
1713700;Monte Santo do Tocantins;-10,00630017;-48,99231544
1713809;Palmeiras do Tocantins;-6,611242681;-47,54848556
1713957;Muricilândia;-7,145064628;-48,6076753
1714203;Natividade;-11,7072247;-47,72814874
1714302;Nazaré;-6,376811601;-47,66543399
1714880;Nova Olinda;-7,634675176;-48,42061273
1715002;Nova Rosalândia;-10,56665924;-48,91166453
1715101;Novo Acordo;-9,970087523;-47,67582079
1715150;Novo Alegre;-12,91513394;-46,57725113
1715259;Novo Jardim;-11,82051039;-46,62502468
1715507;Oliveira de Fátima;-10,71000278;-48,90718817
1715705;Palmeirante;-7,859996056;-47,93010607
1715754;Palmeirópolis;-13,039969;-48,41340306
1716109;Paraíso do Tocantins;-10,17664816;-48,88978641
1716208;Paranã;-12,6144679;-47,87374871
1716307;Pau D'Arco;-7,543129384;-49,36905686
1716505;Pedro Afonso;-8,977057496;-48,17201803
1716604;Peixe;-12,03737755;-48,54181863
1716653;Pequizeiro;-8,593858069;-48,93508416
1716703;Colméia;-8,731676916;-48,7562021
1717008;Pindorama do Tocantins;-11,13582631;-47,57828403
1717206;Piraquê;-6,768435744;-48,29495095
1717503;Pium;-10,44085381;-49,17972621
1717800;Ponte Alta do Bom Jesus;-12,08778905;-46,47496935
1717909;Ponte Alta do Tocantins;-10,74189437;-47,53996203
1718006;Porto Alegre do Tocantins;-11,60827165;-47,04883606
1718204;Porto Nacional;-10,70579238;-48,41085789
1718303;Praia Norte;-5,394712199;-47,8105408
1718402;Presidente Kennedy;-8,532654583;-48,50520817
1718451;Pugmil;-10,42470714;-48,89797231
1718501;Recursolândia;-8,73668935;-47,24265103
1718550;Riachinho;-6,441266408;-48,13874066
1718659;Rio da Conceição;-11,40117767;-46,8818319
1718709;Rio dos Bois;-9,341853323;-48,53373017
1718758;Rio Sono;-9,348479684;-47,89426049
1718808;Sampaio;-5,351619182;-47,87581796
1718840;Sandolândia;-12,5410607;-49,92742273
1718865;Santa Fé do Araguaia;-7,15432042;-48,69214533
1718881;Santa Maria do Tocantins;-8,776017588;-47,74816214
1718899;Santa Rita do Tocantins;-10,86411065;-48,90844527
1718907;Santa Rosa do Tocantins;-11,44907974;-48,11621415
1719004;Santa Tereza do Tocantins;-10,28212385;-47,81022373
1720002;Santa Terezinha do Tocantins;-6,43563035;-47,67287382
1720101;São Bento do Tocantins;-6,029451636;-47,92380242
1720150;São Félix do Tocantins;-10,16090029;-46,66609485
1720200;São Miguel do Tocantins;-5,552044692;-47,57744605
1720259;São Salvador do Tocantins;-12,74954146;-48,23584606
1720309;São Sebastião do Tocantins;-5,257688661;-48,20234377
1720499;São Valério;-11,97322433;-48,23363231
1720655;Silvanópolis;-11,15125364;-48,17111308
1720804;Sítio Novo do Tocantins;-5,603306811;-47,63872503
1720853;Sucupira;-11,98725288;-48,91083488
1720903;Taguatinga;-12,3980998;-46,43467744
1720937;Taipas do Tocantins;-12,19217844;-46,99148979
1720978;Talismã;-12,80447935;-49,09309753
1721000;Palmas;-10,19390136;-48,32470873
1721109;Tocantínia;-9,5642476;-48,37503414
1721208;Tocantinópolis;-6,326776985;-47,42482492
1721257;Tupirama;-8,975861335;-48,19036237
1721307;Tupiratins;-8,401452755;-48,12896665
1722081;Wanderlândia;-6,853268419;-47,96455603
1722107;Xambioá;-6,409896078;-48,53127143
2100055;Açailândia;-4,950064746;-47,49059962
2100105;Afonso Cunha;-4,131860308;-43,32519098
2100154;Água Doce do Maranhão;-2,83795004;-42,11675674
2100204;Alcântara;-2,406669154;-44,41850224
2100303;Aldeias Altas;-4,629894815;-43,47016424
2100402;Altamira do Maranhão;-4,167476513;-45,47009931
2100436;Alto Alegre do Maranhão;-4,211020036;-44,45309057
2100477;Alto Alegre do Pindaré;-3,667753777;-45,84593302
2100501;Alto Parnaíba;-9,110264959;-45,93363882
2100550;Amapá do Maranhão;-1,675937631;-46,01322712
2100600;Amarante do Maranhão;-5,570723784;-46,74457523
2100709;Anajatuba;-3,264917922;-44,61672343
2100808;Anapurus;-3,674334431;-43,10938027
2100832;Apicum-Açu;-1,524350851;-45,07682226
2100873;Araguanã;-2,950677709;-45,66551586
2100907;Araioses;-2,891051696;-41,90330008
2100956;Arame;-4,888221468;-46,00870764
2101004;Arari;-3,45539171;-44,77710325
2101103;Axixá;-2,836630404;-44,05647625
2101202;Bacabal;-4,228774944;-44,78246759
2101251;Bacabeira;-2,976484081;-44,31428877
2101301;Bacuri;-1,725713149;-45,1400103
2101350;Bacurituba;-2,707752891;-44,73802534
2101400;Balsas;-7,526610142;-46,04035215
2101509;Barão de Grajaú;-6,756428409;-43,02694326
2101608;Barra do Corda;-5,497066536;-45,25048402
2101707;Barreirinhas;-2,748361471;-42,82672722
2101731;Belágua;-3,160393833;-43,50837577
2101772;Bela Vista do Maranhão;-3,741156948;-45,2525598
2101806;Benedito Leite;-7,220158495;-44,55454351
2101905;Bequimão;-2,449507658;-44,79086973
2101939;Bernardo do Mearim;-4,629391089;-44,76129643
2101970;Boa Vista do Gurupi;-1,799576148;-46,30753603
2102002;Bom Jardim;-3,54485404;-45,60754132
2102036;Bom Jesus das Selvas;-4,483567917;-46,85363144
2102077;Bom Lugar;-4,373340166;-45,03992053
2102101;Brejo;-3,679861051;-42,75411582
2102150;Brejo de Areia;-4,330540003;-45,58410188
2102200;Buriti;-3,944299711;-42,91398825
2102309;Buriti Bravo;-5,837641953;-43,83535339
2102325;Buriticupu;-4,321407633;-46,45425272
2102358;Buritirana;-5,592343443;-47,01635533
2102374;Cachoeira Grande;-2,928683884;-44,05263566
2102408;Cajapió;-2,873741018;-44,67205279
2102507;Cajari;-3,321080012;-45,0120271
2102556;Campestre do Maranhão;-6,173839054;-47,36581922
2102606;Cândido Mendes;-1,451900691;-45,72774266
2102705;Cantanhede;-3,634445587;-44,38065618
2102754;Capinzal do Norte;-4,729180389;-44,32794537
2102804;Carolina;-7,333342181;-47,46574177
2102903;Carutapera;-1,201266585;-46,01886898
2103000;Caxias;-4,879521642;-43,34604721
2103109;Cedral;-1,996904936;-44,53526142
2103125;Central do Maranhão;-2,196833826;-44,83131376
2103158;Centro do Guilherme;-2,450520741;-46,0387055
2103174;Centro Novo do Maranhão;-2,140933305;-46,12337943
2103208;Chapadinha;-3,736822727;-43,35631539
2103257;Cidelândia;-5,177218384;-47,78382446
2103307;Codó;-4,456979731;-43,89257001
2103406;Coelho Neto;-4,255073013;-43,01282801
2103505;Colinas;-6,032146062;-44,24738785
2103554;Conceição do Lago-Açu;-3,837904211;-44,89700256
2103604;Coroatá;-4,131409078;-44,12503589
2103703;Cururupu;-1,823047517;-44,86819166
2103752;Davinópolis;-5,525645088;-47,3914506
2103802;Dom Pedro;-5,04052328;-44,43947705
2103901;Duque Bacelar;-4,15081999;-42,94480573
2104008;Esperantinópolis;-4,876718725;-44,88043013
2104057;Estreito;-6,557562899;-47,44396036
2104073;Feira Nova do Maranhão;-6,962428884;-46,68200487
2104081;Fernando Falcão;-6,151217474;-44,90092051
2104099;Formosa da Serra Negra;-6,443336069;-46,19029725
2104107;Fortaleza dos Nogueiras;-6,96232147;-46,17813596
2104206;Fortuna;-5,732245664;-44,15161903
2104305;Godofredo Viana;-1,412143838;-45,77353043
2104404;Gonçalves Dias;-5,153919477;-44,29975203
2104503;Governador Archer;-5,024785476;-44,27046338
2104552;Governador Edison Lobão;-5,749477032;-47,36243055
2104602;Governador Eugênio Barros;-5,321937094;-44,24442033
2104628;Governador Luiz Rocha;-5,472306317;-44,0702843
2104651;Governador Newton Bello;-3,426863071;-45,67129465
2104677;Governador Nunes Freire;-2,129024082;-45,89136527
2104701;Graça Aranha;-5,408372838;-44,33278797
2104800;Grajaú;-5,820154806;-46,15589342
2104909;Guimarães;-2,134422833;-44,60564095
2105005;Humberto de Campos;-2,59771376;-43,46132628
2105104;Icatu;-2,774839712;-44,06174787
2105153;Igarapé do Meio;-3,639824511;-45,18918189
2105203;Igarapé Grande;-4,663969866;-44,85426508
2105302;Imperatriz;-5,513815719;-47,46707771
2105351;Itaipava do Grajaú;-5,14265357;-45,78912995
2105401;Itapecuru Mirim;-3,394492789;-44,35214755
2105427;Itinga do Maranhão;-4,455591877;-47,53030982
2105450;Jatobá;-5,819350777;-44,224819
2105476;Jenipapo dos Vieiras;-5,369571821;-45,63606725
2105500;João Lisboa;-5,447211644;-47,40621056
2105609;Joselândia;-4,987196138;-44,69740939
2105658;Junco do Maranhão;-1,878303936;-46,07133273
2105708;Lago da Pedra;-4,558563572;-45,134752
2105807;Lago do Junco;-4,60769628;-45,05668577
2105906;Lago Verde;-4,042655021;-44,93790361
2105922;Lagoa do Mato;-6,047650906;-43,52784681
2105948;Lago dos Rodrigues;-4,613179093;-44,97997469
2105963;Lagoa Grande do Maranhão;-4,992429888;-45,38511613
2105989;Lajeado Novo;-6,189882121;-47,03737259
2106003;Lima Campos;-4,520039843;-44,46669216
2106102;Loreto;-7,086401801;-45,13894962
2106201;Luís Domingues;-1,330401199;-45,89840264
2106300;Magalhães de Almeida;-3,396428081;-42,20466735
2106326;Maracaçumé;-2,047461241;-45,9608452
2106359;Marajá do Sena;-4,621899521;-45,45399709
2106375;Maranhãozinho;-2,241073935;-45,85752713
2106409;Mata Roma;-3,619953058;-43,11634214
2106508;Matinha;-3,098701169;-45,03238267
2106607;Matões;-5,52401192;-43,20436059
2106631;Matões do Norte;-3,629589017;-44,55496044
2106672;Milagres do Maranhão;-3,582184918;-42,60727241
2106706;Mirador;-6,369512589;-44,37109209
2106755;Miranda do Norte;-3,56587445;-44,58126996
2106805;Mirinzal;-2,067173866;-44,78473177
2106904;Monção;-3,484452061;-45,24995011
2107001;Montes Altos;-5,833009845;-47,06732418
2107100;Morros;-2,865901465;-44,03645315
2107209;Nina Rodrigues;-3,46758435;-43,91149554
2107258;Nova Colinas;-7,119988755;-46,26023388
2107308;Nova Iorque;-6,735614502;-44,04600928
2107357;Nova Olinda do Maranhão;-2,806268866;-45,70244341
2107407;Olho d'Água das Cunhãs;-4,137536613;-45,11913679
2107456;Olinda Nova do Maranhão;-2,999684822;-44,99618862
2107506;Paço do Lumiar;-2,517610718;-44,1091849
2107605;Palmeirândia;-2,646563647;-44,89743525
2107704;Paraibano;-6,431973101;-43,98958866
2107803;Parnarama;-5,683886684;-43,10696695
2107902;Passagem Franca;-6,178724197;-43,77817891
2108009;Pastos Bons;-6,59885622;-44,08453935
2108058;Paulino Neves;-2,720592274;-42,5404588
2108108;Paulo Ramos;-4,447877669;-45,24031967
2108207;Pedreiras;-4,571210874;-44,5990294
2108256;Pedro do Rosário;-2,969163332;-45,34862256
2108306;Penalva;-3,289896096;-45,1742793
2108405;Peri Mirim;-2,577772411;-44,8549776
2108454;Peritoró;-4,373002336;-44,33134795
2108504;Pindaré-Mirim;-3,614641572;-45,33902065
2108603;Pinheiro;-2,527013051;-45,08864841
2108702;Pio XII;-3,891486692;-45,17068685
2108801;Pirapemas;-3,725940914;-44,22921077
2108900;Poção de Pedras;-4,7511045;-44,94261865
2109007;Porto Franco;-6,343665944;-47,39547757
2109056;Porto Rico do Maranhão;-1,862361169;-44,59558837
2109106;Presidente Dutra;-5,297528105;-44,4923768
2109205;Presidente Juscelino;-2,927678958;-44,07142005
2109239;Presidente Médici;-2,376005351;-45,82370619
2109270;Presidente Sarney;-2,591796149;-45,36309365
2109304;Presidente Vargas;-3,406350134;-44,02706436
2109403;Primeira Cruz;-2,509390331;-43,44181956
2109452;Raposa;-2,442655434;-44,10320761
2109502;Riachão;-7,362144629;-46,62209188
2109551;Ribamar Fiquene;-5,932784064;-47,38888059
2109601;Rosário;-2,938518207;-44,24752531
2109700;Sambaíba;-7,140879484;-45,34654849
2109759;Santa Filomena do Maranhão;-5,49806147;-44,55911382
2109809;Santa Helena;-2,233953512;-45,30111553
2109908;Santa Inês;-3,662779128;-45,38265075
2110005;Santa Luzia;-3,967295404;-45,66330078
2110039;Santa Luzia do Paruá;-2,544210558;-45,77512651
2110104;Santa Quitéria do Maranhão;-3,498522849;-42,56054815
2110203;Santa Rita;-3,137518056;-44,32603718
2110237;Santana do Maranhão;-3,112085766;-42,41397992
2110278;Santo Amaro do Maranhão;-2,501796177;-43,25756301
2110302;Santo Antônio dos Lopes;-4,8705307;-44,35917472
2110401;São Benedito do Rio Preto;-3,326615918;-43,52433105
2110500;São Bento;-2,700049087;-44,84004135
2110609;São Bernardo;-3,36858987;-42,42313501
2110658;São Domingos do Azeitão;-6,812386827;-44,64451134
2110708;São Domingos do Maranhão;-5,580938072;-44,38520093
2110807;São Félix de Balsas;-7,084252838;-44,81718679
2110856;São Francisco do Brejão;-5,124350628;-47,38699675
2110906;São Francisco do Maranhão;-6,247667468;-42,85789224
2111003;São João Batista;-2,958431955;-44,79761103
2111029;São João do Carú;-3,555211224;-46,25802498
2111052;São João do Paraíso;-6,465055343;-47,05658818
2111078;São João do Soter;-5,11598657;-43,81123355
2111102;São João dos Patos;-6,496302462;-43,70572974
2111201;São José de Ribamar;-2,553838959;-44,05812033
2111250;São José dos Basílios;-5,052304945;-44,58543146
2111300;São Luís;-2,542102414;-44,21098739
2111409;São Luís Gonzaga do Maranhão;-4,377137843;-44,67101354
2111508;São Mateus do Maranhão;-4,031527931;-44,46809329
2111532;São Pedro da Água Branca;-5,083524063;-48,42886162
2111573;São Pedro dos Crentes;-6,825245857;-46,52980305
2111607;São Raimundo das Mangabeiras;-7,022014231;-45,47863404
2111631;São Raimundo do Doca Bezerra;-5,106059484;-45,0771803
2111672;São Roberto;-5,022721542;-44,99270693
2111706;São Vicente Ferrer;-2,892382112;-44,88010264
2111722;Satubinha;-4,037194506;-45,23873888
2111748;Senador Alexandre Costa;-5,260032669;-44,05532737
2111763;Senador La Rocque;-5,444857398;-47,29038095
2111789;Serrano do Maranhão;-1,855288202;-45,11873279
2111805;Sítio Novo;-5,881177606;-46,70210704
2111904;Sucupira do Norte;-6,48045073;-44,18999915
2111953;Sucupira do Riachão;-6,416229691;-43,54516922
2112001;Tasso Fragoso;-8,473708546;-45,74793291
2112100;Timbiras;-4,256292961;-43,94053151
2112209;Timon;-5,107578367;-42,83784964
2112233;Trizidela do Vale;-4,568241807;-44,6164566
2112274;Tufilândia;-3,673477071;-45,6350101
2112308;Tuntum;-5,260224976;-44,64713861
2112407;Turiaçu;-1,665596367;-45,37045164
2112456;Turilândia;-2,220360258;-45,30669736
2112506;Tutóia;-2,762750883;-42,27451044
2112605;Urbano Santos;-3,20912093;-43,40055607
2112704;Vargem Grande;-3,545370496;-43,91745093
2112803;Viana;-3,211045926;-45,00223359
2112852;Vila Nova dos Martírios;-5,181952927;-48,13806264
2112902;Vitória do Mearim;-3,467234461;-44,87212981
2113009;Vitorino Freire;-4,289097281;-45,24615174
2114007;Zé Doca;-3,278855018;-45,65398668
2200053;Acauã;-8,217620093;-41,08214028
2200103;Agricolândia;-5,797946568;-42,6585304
2200202;Água Branca;-5,891845292;-42,6341114
2200251;Alagoinha do Piauí;-7,008949166;-40,93773611
2200277;Alegrete do Piauí;-7,243089195;-40,85983567
2200301;Alto Longá;-5,255840422;-42,20456246
2200400;Altos;-5,039194002;-42,4595656
2200459;Alvorada do Gurguéia;-8,443936733;-43,86309294
2200509;Amarante;-6,244857232;-42,85079974
2200608;Angical do Piauí;-6,08953574;-42,73797712
2200707;Anísio de Abreu;-9,184660635;-43,05258622
2200806;Antônio Almeida;-7,219442775;-44,19355889
2200905;Aroazes;-6,111000522;-41,7883587
2200954;Aroeiras do Itaim;-7,278925659;-41,56437704
2201002;Arraial;-6,651744394;-42,53491821
2201051;Assunção do Piauí;-5,864413946;-41,04899753
2201101;Avelino Lopes;-10,13466332;-43,94959557
2201150;Baixa Grande do Ribeiro;-7,859869988;-45,20987172
2201176;Barra D'Alcântara;-6,519342744;-42,10678371
2201200;Barras;-4,244844766;-42,29383327
2201309;Barreiras do Piauí;-9,923933377;-45,47349553
2201408;Barro Duro;-5,816989786;-42,50876205
2201507;Batalha;-4,020609893;-42,08616668
2201556;Bela Vista do Piauí;-7,97276952;-41,87125223
2201572;Belém do Piauí;-7,377150386;-40,97101698
2201606;Beneditinos;-5,456788539;-42,3598785
2201705;Bertolínia;-7,636267931;-43,95317928
2201739;Betânia do Piauí;-8,145796288;-40,79534905
2201770;Boa Hora;-4,408042923;-42,12219091
2201804;Bocaina;-6,942868724;-41,32244785
2201903;Bom Jesus;-9,068720916;-44,35836546
2201919;Bom Princípio do Piauí;-3,192189653;-41,6444032
2201929;Bonfim do Piauí;-9,168062708;-42,87747718
2201945;Boqueirão do Piauí;-4,488557327;-42,10479499
2201960;Brasileira;-4,131194471;-41,78105087
2201988;Brejo do Piauí;-8,207811589;-42,83567826
2202000;Buriti dos Lopes;-3,175291749;-41,86859121
2202026;Buriti dos Montes;-5,312905627;-41,09706947
2202059;Cabeceiras do Piauí;-4,472540928;-42,30644453
2202075;Cajazeiras do Piauí;-6,796696589;-42,3916757
2202083;Cajueiro da Praia;-2,928787763;-41,33851737
2202091;Caldeirão Grande do Piauí;-7,334052741;-40,63751268
2202109;Campinas do Piauí;-7,660176271;-41,88112856
2202117;Campo Alegre do Fidalgo;-8,377308993;-41,83690567
2202133;Campo Grande do Piauí;-7,133703511;-41,03846773
2202174;Campo Largo do Piauí;-3,810939053;-42,62984034
2202208;Campo Maior;-4,826321811;-42,1647111
2202251;Canavieira;-7,692526992;-43,71741044
2202307;Canto do Buriti;-8,111461568;-42,94455457
2202406;Capitão de Campos;-4,458845119;-41,94233496
2202455;Capitão Gervásio Oliveira;-8,496259905;-41,81670167
2202505;Caracol;-9,280066359;-43,32481243
2202539;Caraúbas do Piauí;-3,475673344;-41,84187741
2202554;Caridade do Piauí;-7,733378371;-40,98784825
2202604;Castelo do Piauí;-5,324190076;-41,54888503
2202653;Caxingó;-3,421172688;-41,89281609
2202703;Cocal;-3,470918145;-41,55793563
2202711;Cocal de Telha;-4,556029639;-41,97209786
2202729;Cocal dos Alves;-3,600140845;-41,44318372
2202737;Coivaras;-5,092653233;-42,20575025
2202752;Colônia do Gurguéia;-8,182390648;-43,79203045
2202778;Colônia do Piauí;-7,230023391;-42,17822865
2202802;Conceição do Canindé;-7,877573843;-41,59653521
2202851;Coronel José Dias;-8,825509748;-42,47800107
2202901;Corrente;-10,43889932;-45,16142608
2203008;Cristalândia do Piauí;-10,65179443;-45,18497633
2203107;Cristino Castro;-8,816293543;-44,21920895
2203206;Curimatá;-10,03454773;-44,30217509
2203230;Currais;-9,014278849;-44,40290897
2203255;Curralinhos;-5,618190913;-42,83097614
2203271;Curral Novo do Piauí;-7,832128407;-40,90137203
2203305;Demerval Lobão;-5,362023202;-42,67233963
2203354;Dirceu Arcoverde;-9,343848298;-42,42852536
2203404;Dom Expedito Lopes;-6,958216463;-41,64534342
2203420;Domingos Mourão;-4,253445975;-41,27142821
2203453;Dom Inocêncio;-9,005395837;-41,97375164
2203503;Elesbão Veloso;-6,197655798;-42,13823842
2203602;Eliseu Martins;-8,100719495;-43,65873557
2203701;Esperantina;-3,897290077;-42,2311609
2203750;Fartura do Piauí;-9,47905952;-42,79062557
2203800;Flores do Piauí;-7,793809352;-42,92475291
2203859;Floresta do Piauí;-7,466965862;-41,79798398
2203909;Floriano;-6,772634487;-43,02218272
2204006;Francinópolis;-6,396845449;-42,26691741
2204105;Francisco Ayres;-6,625229441;-42,69362983
2204154;Francisco Macedo;-7,327992922;-40,79153935
2204204;Francisco Santos;-6,993455438;-41,13711104
2204303;Fronteiras;-7,087469988;-40,6184645
2204352;Geminiano;-7,156870124;-41,36316117
2204402;Gilbués;-9,830936082;-45,33705987
2204501;Guadalupe;-6,794136549;-43,56715791
2204550;Guaribas;-9,394423319;-43,69184671
2204600;Hugo Napoleão;-5,991518102;-42,55700011
2204659;Ilha Grande;-2,852467161;-41,81750444
2204709;Inhuma;-6,669310483;-41,70767252
2204808;Ipiranga do Piauí;-6,827152217;-41,74007095
2204907;Isaías Coelho;-7,737868895;-41,67791842
2205003;Itainópolis;-7,448017469;-41,47890045
2205102;Itaueira;-7,600113389;-43,02766806
2205151;Jacobina do Piauí;-7,935503763;-41,21128636
2205201;Jaicós;-7,36007877;-41,13873884
2205250;Jardim do Mulato;-6,10121858;-42,62899358
2205276;Jatobá do Piauí;-4,770070666;-41,81893712
2205300;Jerumenha;-7,089301201;-43,50743531
2205359;João Costa;-8,488634392;-42,41655518
2205409;Joaquim Pires;-3,508397981;-42,19539104
2205458;Joca Marques;-3,49702865;-42,43285916
2205508;José de Freitas;-4,75346293;-42,57320719
2205516;Juazeiro do Piauí;-5,170247637;-41,70463168
2205524;Júlio Borges;-10,32742705;-44,23910777
2205532;Jurema;-9,225341782;-43,13034401
2205540;Lagoinha do Piauí;-5,831582939;-42,63379789
2205557;Lagoa Alegre;-4,511915227;-42,61790295
2205565;Lagoa do Barro do Piauí;-8,4813749;-41,52977347
2205573;Lagoa de São Francisco;-4,393290066;-41,60219745
2205581;Lagoa do Piauí;-5,413525701;-42,64702951
2205599;Lagoa do Sítio;-6,51725172;-41,56843716
2205607;Landri Sales;-7,262789928;-43,93166801
2205706;Luís Correia;-2,879787761;-41,66649863
2205805;Luzilândia;-3,461702538;-42,37217465
2205854;Madeiro;-3,48473934;-42,50313811
2205904;Manoel Emídio;-8,004325732;-43,87229975
2205953;Marcolândia;-7,443840698;-40,66215698
2206001;Marcos Parente;-7,122727415;-43,89060153
2206050;Massapê do Piauí;-7,463380636;-41,12582978
2206100;Matias Olímpio;-3,714923369;-42,55506467
2206209;Miguel Alves;-4,169067951;-42,89251231
2206308;Miguel Leão;-5,682699659;-42,73645828
2206357;Milton Brandão;-4,702518532;-41,44896273
2206407;Monsenhor Gil;-5,5664975;-42,60516118
2206506;Monsenhor Hipólito;-6,997093316;-41,02922732
2206605;Monte Alegre do Piauí;-9,753423534;-45,3041108
2206654;Morro Cabeça no Tempo;-9,727672902;-43,90821345
2206670;Morro do Chapéu do Piauí;-3,743426651;-42,31036297
2206696;Murici dos Portelas;-3,322233403;-42,09103505
2206704;Nazaré do Piauí;-6,974709477;-42,67339512
2206720;Nazária;-5,35152229;-42,81572876
2206753;Nossa Senhora de Nazaré;-4,627029488;-42,17667465
2206803;Nossa Senhora dos Remédios;-3,981752574;-42,62079211
2206902;Novo Oriente do Piauí;-6,448585737;-41,93014023
2206951;Novo Santo Antônio;-5,288957241;-41,93439934
2207009;Oeiras;-7,0143587;-42,12637026
2207108;Olho D'Água do Piauí;-5,847968218;-42,57495959
2207207;Padre Marcos;-7,355026609;-40,90548969
2207306;Paes Landim;-7,776668151;-42,25482887
2207355;Pajeú do Piauí;-7,855649683;-42,8219013
2207405;Palmeira do Piauí;-8,725829608;-44,23684973
2207504;Palmeirais;-5,970252638;-43,05804969
2207553;Paquetá;-7,103948388;-41,70331626
2207603;Parnaguá;-10,22397272;-44,63762555
2207702;Parnaíba;-2,90186299;-41,77894447
2207751;Passagem Franca do Piauí;-5,85705162;-42,44123617
2207777;Patos do Piauí;-7,679480056;-41,24358914
2207793;Pau D'Arco do Piauí;-5,254415283;-42,38807475
2207801;Paulistana;-8,13821103;-41,14445348
2207850;Pavussu;-7,964991554;-43,22517658
2207900;Pedro II;-4,425091909;-41,45867274
2207934;Pedro Laurentino;-8,065287012;-42,28756029
2207959;Nova Santa Rita;-8,075169047;-42,04921649
2208007;Picos;-7,082648034;-41,4665279
2208106;Pimenteiras;-6,237794993;-41,41734554
2208205;Pio IX;-6,835400015;-40,61479801
2208304;Piracuruca;-3,934879563;-41,70899918
2208403;Piripiri;-4,273527791;-41,77737105
2208502;Porto;-3,891698106;-42,71156596
2208551;Porto Alegre do Piauí;-6,970910619;-44,19827093
2208601;Prata do Piauí;-5,668729752;-42,20481985
2208650;Queimada Nova;-8,582961451;-41,41858106
2208700;Redenção do Gurguéia;-9,485078995;-44,57984569
2208809;Regeneração;-6,234680151;-42,68791302
2208858;Riacho Frio;-10,12931817;-44,95427163
2208874;Ribeira do Piauí;-7,691417466;-42,71312003
2208908;Ribeiro Gonçalves;-7,560746572;-45,24419014
2209005;Rio Grande do Piauí;-7,774600808;-43,13684462
2209104;Santa Cruz do Piauí;-7,18703226;-41,76644744
2209153;Santa Cruz dos Milagres;-5,804852582;-41,9559919
2209203;Santa Filomena;-9,117508649;-45,91825217
2209302;Santa Luz;-8,951507005;-44,12830044
2209351;Santana do Piauí;-6,946303798;-41,51849882
2209377;Santa Rosa do Piauí;-6,797717458;-42,28016544
2209401;Santo Antônio de Lisboa;-6,982602507;-41,23136464
2209450;Santo Antônio dos Milagres;-6,048823142;-42,71136138
2209500;Santo Inácio do Piauí;-7,426428056;-41,91129106
2209559;São Braz do Piauí;-9,064638247;-42,99917382
2209609;São Félix do Piauí;-5,935839844;-42,11318465
2209658;São Francisco de Assis do Piauí;-8,237610451;-41,68710312
2209708;São Francisco do Piauí;-7,247029981;-42,54548805
2209757;São Gonçalo do Gurguéia;-10,03070457;-45,30223823
2209807;São Gonçalo do Piauí;-5,996975117;-42,7029071
2209856;São João da Canabrava;-6,819026039;-41,34697213
2209872;São João da Fronteira;-3,939928771;-41,25785136
2209906;São João da Serra;-5,51510319;-41,89842685
2209955;São João da Varjota;-6,915216384;-41,86413664
2209971;São João do Arraial;-3,815723469;-42,45192021
2210003;São João do Piauí;-8,359813459;-42,24890841
2210052;São José do Divino;-3,81084177;-41,8322563
2210102;São José do Peixe;-7,493950168;-42,56785672
2210201;São José do Piauí;-6,872493147;-41,47513489
2210300;São Julião;-7,083796593;-40,83839785
2210359;São Lourenço do Piauí;-9,168745613;-42,54742713
2210375;São Luis do Piauí;-6,825107526;-41,32424107
2210383;São Miguel da Baixa Grande;-5,864334653;-42,18560705
2210391;São Miguel do Fidalgo;-7,583590314;-42,37103206
2210409;São Miguel do Tapuio;-5,502925899;-41,32216869
2210508;São Pedro do Piauí;-5,918286986;-42,7222941
2210607;São Raimundo Nonato;-9,011242976;-42,70178535
2210623;Sebastião Barros;-10,81455655;-44,83274315
2210631;Sebastião Leal;-7,568219753;-44,06366875
2210656;Sigefredo Pacheco;-4,918137998;-41,73165917
2210706;Simões;-7,597489294;-40,8170032
2210805;Simplício Mendes;-7,860399736;-41,91054608
2210904;Socorro do Piauí;-7,86459872;-42,50276777
2210938;Sussuapara;-7,013187353;-41,38385341
2210953;Tamboril do Piauí;-8,399541736;-42,91236156
2210979;Tanque do Piauí;-6,597738721;-42,28406299
2211001;Teresina;-5,096499882;-42,79650743
2211100;União;-4,586586488;-42,86155619
2211209;Uruçuí;-7,238796086;-44,55578417
2211308;Valença do Piauí;-6,400095995;-41,74487151
2211357;Várzea Branca;-9,240161193;-42,96464906
2211407;Várzea Grande;-6,547449117;-42,24992139
2211506;Vera Mendes;-7,604492114;-41,48223946
2211605;Vila Nova do Piauí;-7,142034935;-40,93930002
2211704;Wall Ferraz;-7,233968613;-41,91120313
2300101;Abaiara;-7,359819305;-39,04915109
2300150;Acarape;-4,225673486;-38,70489782
2300200;Acaraú;-2,882251545;-40,12014947
2300309;Acopiara;-6,094944625;-39,45221188
2300408;Aiuaba;-6,572888183;-40,12374277
2300507;Alcântaras;-3,587041321;-40,54510162
2300606;Altaneira;-7,000040172;-39,73997874
2300705;Alto Santo;-5,520183141;-38,27127156
2300754;Amontada;-3,360263118;-39,83326981
2300804;Antonina do Norte;-6,774498649;-39,9891435
2300903;Apuiarés;-3,946003494;-39,43050117
2301000;Aquiraz;-3,902089146;-38,39057547
2301109;Aracati;-4,56066652;-37,76904083
2301208;Aracoiaba;-4,370368259;-38,81286659
2301257;Ararendá;-4,752765487;-40,83256407
2301307;Araripe;-7,212649265;-40,13647813
2301406;Aratuba;-4,418945288;-39,0453804
2301505;Arneiroz;-6,323966929;-40,16074476
2301604;Assaré;-6,874627915;-39,87423619
2301703;Aurora;-6,943729801;-38,96717889
2301802;Baixio;-6,7293941;-38,71750984
2301851;Banabuiú;-5,308442914;-38,91840026
2301901;Barbalha;-7,307145725;-39,30415488
2301950;Barreira;-4,285848349;-38,64210349
2302008;Barro;-7,176582537;-38,77916968
2302057;Barroquinha;-3,019333792;-41,13644957
2302107;Baturité;-4,328439761;-38,88319426
2302206;Beberibe;-4,178608543;-38,13093972
2302305;Bela Cruz;-3,053414277;-40,16752721
2302404;Boa Viagem;-5,12622486;-39,73021643
2302503;Brejo Santo;-7,493575381;-38,98740066
2302602;Camocim;-2,900995831;-40,84274476
2302701;Campos Sales;-7,073220478;-40,37612755
2302800;Canindé;-4,359746275;-39,31229528
2302909;Capistrano;-4,467052203;-38,89913252
2303006;Caridade;-4,231931369;-39,19444913
2303105;Cariré;-3,950345361;-40,47330303
2303204;Caririaçu;-7,041729633;-39,28371343
2303303;Cariús;-6,534863048;-39,49880045
2303402;Carnaubal;-4,163588677;-40,94170295
2303501;Cascavel;-4,131324813;-38,23528111
2303600;Catarina;-6,131765681;-39,87872473
2303659;Catunda;-4,647527988;-40,20024331
2303709;Caucaia;-3,734846005;-38,65422528
2303808;Cedro;-6,606661316;-39,06052399
2303907;Chaval;-3,03435433;-41,2437672
2303931;Choró;-4,842848865;-39,14029303
2303956;Chorozinho;-4,301073775;-38,49794181
2304004;Coreaú;-3,552134221;-40,6536378
2304103;Crateús;-5,174222452;-40,66778991
2304202;Crato;-7,234548077;-39,41297279
2304236;Croatá;-4,415488882;-40,90934207
2304251;Cruz;-2,917734615;-40,17135269
2304269;Deputado Irapuan Pinheiro;-5,914633373;-39,26795451
2304277;Ereré;-6,03210892;-38,34921275
2304285;Eusébio;-3,889535778;-38,45368305
2304301;Farias Brito;-6,92908133;-39,57207136
2304350;Forquilha;-3,799356873;-40,25910177
2304400;Fortaleza;-3,722856535;-38,52522152
2304459;Fortim;-4,451056023;-37,79436387
2304509;Frecheirinha;-3,759687341;-40,81683219
2304608;General Sampaio;-4,052145694;-39,45111083
2304657;Graça;-4,047227006;-40,75297747
2304707;Granja;-3,120437276;-40,82704344
2304806;Granjeiro;-6,889911879;-39,21699587
2304905;Groaíras;-3,913046224;-40,38269688
2304954;Guaiúba;-4,037862097;-38,63347015
2305001;Guaraciaba do Norte;-4,165954191;-40,74915996
2305100;Guaramiranga;-4,263397287;-38,93218739
2305209;Hidrolândia;-4,40752826;-40,40262991
2305233;Horizonte;-4,099037964;-38,49507176
2305266;Ibaretama;-4,820104816;-38,8206305
2305308;Ibiapina;-3,918666806;-40,88818705
2305332;Ibicuitinga;-4,975290339;-38,63727383
2305357;Icapuí;-4,712407582;-37,35515248
2305407;Icó;-6,400694393;-38,86239591
2305506;Iguatu;-6,359241714;-39,29867408
2305605;Independência;-5,394898144;-40,31045224
2305654;Ipaporanga;-4,900426661;-40,75923955
2305704;Ipaumirim;-6,787096124;-38,71880568
2305803;Ipu;-4,322563638;-40,71046126
2305902;Ipueiras;-4,542148343;-40,71915159
2306009;Iracema;-5,813030746;-38,30442718
2306108;Irauçuba;-3,746485725;-39,78516932
2306207;Itaiçaba;-4,675699421;-37,82087355
2306256;Itaitinga;-3,97330737;-38,53030499
2306306;Itapajé;-3,684503223;-39,58525583
2306405;Itapipoca;-3,501342939;-39,58137914
2306504;Itapiúna;-4,563907186;-38,92215095
2306553;Itarema;-2,921064237;-39,91450048
2306603;Itatira;-4,53035979;-39,62235488
2306702;Jaguaretama;-5,611953727;-38,7668964
2306801;Jaguaribara;-5,460539879;-38,46288321
2306900;Jaguaribe;-5,886278805;-38,62178191
2307007;Jaguaruana;-4,83583423;-37,78093897
2307106;Jardim;-7,583100268;-39,27930052
2307205;Jati;-7,685368647;-39,00576827
2307254;Jijoca de Jericoacoara;-2,895482796;-40,44900023
2307304;Juazeiro do Norte;-7,198972938;-39,3168998
2307403;Jucás;-6,524567751;-39,52728313
2307502;Lavras da Mangabeira;-6,755996122;-38,96415768
2307601;Limoeiro do Norte;-5,146088066;-38,09840665
2307635;Madalena;-4,854965691;-39,57553514
2307650;Maracanaú;-3,87721256;-38,62524426
2307700;Maranguape;-3,891126529;-38,68458337
2307809;Marco;-3,123240423;-40,14699743
2307908;Martinópole;-3,223228527;-40,69541649
2308005;Massapê;-3,52392367;-40,34194701
2308104;Mauriti;-7,388912927;-38,77500491
2308203;Meruoca;-3,539812801;-40,45564964
2308302;Milagres;-7,315066767;-38,9451065
2308351;Milhã;-5,681121594;-39,19581951
2308377;Miraíma;-3,570412753;-39,96956153
2308401;Missão Velha;-7,250638209;-39,14861807
2308500;Mombaça;-5,742525871;-39,62764102
2308609;Monsenhor Tabosa;-4,790510198;-40,06341378
2308708;Morada Nova;-5,10632962;-38,37245986
2308807;Moraújo;-3,466772099;-40,68111482
2308906;Morrinhos;-3,228503568;-40,12785035
2309003;Mucambo;-3,908559266;-40,74655113
2309102;Mulungu;-4,303446978;-38,99430879
2309201;Nova Olinda;-7,090770977;-39,6810914
2309300;Nova Russas;-4,705251391;-40,56543546
2309409;Novo Oriente;-5,53548407;-40,77494869
2309458;Ocara;-4,49126098;-38,59629959
2309508;Orós;-6,242444214;-38,91384491
2309607;Pacajus;-4,172245666;-38,46403057
2309706;Pacatuba;-3,985719072;-38,6209521
2309805;Pacoti;-4,225563158;-38,92234651
2309904;Pacujá;-3,9789284;-40,69795102
2310001;Palhano;-4,744539867;-37,95918116
2310100;Palmácia;-4,147520268;-38,84696623
2310209;Paracuru;-3,409800672;-39,03022941
2310258;Paraipaba;-3,437942037;-39,14713234
2310308;Parambu;-6,211923481;-40,69446434
2310407;Paramoti;-4,098283187;-39,23923778
2310506;Pedra Branca;-5,454230585;-39,71575692
2310605;Penaforte;-7,82895804;-39,075229
2310704;Pentecoste;-3,789627442;-39,27633555
2310803;Pereiro;-6,046692496;-38,46127176
2310852;Pindoretama;-4,027234856;-38,30507399
2310902;Piquet Carneiro;-5,803376769;-39,41740055
2310951;Pires Ferreira;-4,244889422;-40,64686056
2311009;Poranga;-4,744792101;-40,92576215
2311108;Porteiras;-7,534804225;-39,11892195
2311207;Potengi;-7,091336058;-40,02726141
2311231;Potiretama;-5,72345015;-38,15570041
2311264;Quiterianópolis;-5,843183077;-40,70080875
2311306;Quixadá;-4,96760275;-39,01710629
2311355;Quixelô;-6,254103685;-39,20141915
2311405;Quixeramobim;-5,199272741;-39,29584732
2311504;Quixeré;-5,070844338;-37,98979451
2311603;Redenção;-4,225003092;-38,72975159
2311702;Reriutaba;-4,141346353;-40,58244973
2311801;Russas;-4,939416224;-37,97376522
2311900;Saboeiro;-6,541834635;-39,90764941
2311959;Salitre;-7,285099311;-40,4569929
2312007;Santana do Acaraú;-3,456885515;-40,21171026
2312106;Santana do Cariri;-7,188710605;-39,73639941
2312205;Santa Quitéria;-4,329577793;-40,15682532
2312304;São Benedito;-4,04820878;-40,86505321
2312403;São Gonçalo do Amarante;-3,607729772;-38,96772916
2312502;São João do Jaguaribe;-5,270772962;-38,27432174
2312601;São Luís do Curu;-3,672671023;-39,24103534
2312700;Senador Pompeu;-5,586852402;-39,37222742
2312809;Senador Sá;-3,353028573;-40,46447074
2312908;Sobral;-3,691308327;-40,34781036
2313005;Solonópole;-5,731791321;-39,00590774
2313104;Tabuleiro do Norte;-5,246086193;-38,13045978
2313203;Tamboril;-4,833007572;-40,31965487
2313252;Tarrafas;-6,682688266;-39,76029866
2313302;Tauá;-6,000906744;-40,29462237
2313351;Tejuçuoca;-3,989233641;-39,57995024
2313401;Tianguá;-3,730830665;-40,99179398
2313500;Trairi;-3,278062682;-39,26824885
2313559;Tururu;-3,598980946;-39,43640141
2313609;Ubajara;-3,855076599;-40,9219129
2313708;Umari;-6,643618187;-38,69977057
2313757;Umirim;-3,677054161;-39,34906536
2313807;Uruburetama;-3,62420999;-39,50649744
2313906;Uruoca;-3,31440478;-40,55730108
2313955;Varjota;-4,194865406;-40,47551713
2314003;Várzea Alegre;-6,789867869;-39,2959635
2314102;Viçosa do Ceará;-3,564857675;-41,09165404
2400109;Acari;-6,435318375;-36,64089253
2400208;Açu;-5,572260331;-36,90663885
2400307;Afonso Bezerra;-5,501126947;-36,50662245
2400406;Água Nova;-6,207058434;-38,29269322
2400505;Alexandria;-6,413692992;-38,01425453
2400604;Almino Afonso;-6,153486981;-37,76616439
2400703;Alto do Rodrigues;-5,290313419;-36,76250436
2400802;Angicos;-5,662750752;-36,60188012
2400901;Antônio Martins;-6,216164553;-37,88934603
2401008;Apodi;-5,664784511;-37,79881739
2401107;Areia Branca;-4,956248043;-37,13595254
2401206;Arês;-6,196968511;-35,16287391
2401305;Campo Grande;-5,864606942;-37,31018511
2401404;Baía Formosa;-6,371169584;-35,00717181
2401453;Baraúna;-5,079761833;-37,61667198
2401503;Barcelona;-5,950581984;-35,92802161
2401602;Bento Fernandes;-5,692370486;-35,82071877
2401651;Bodó;-5,987782333;-36,41321643
2401701;Bom Jesus;-5,985239117;-35,58283756
2401800;Brejinho;-6,195366271;-35,35615038
2401859;Caiçara do Norte;-5,061866809;-36,05040066
2401909;Caiçara do Rio do Vento;-5,757996477;-36,00164474
2402006;Caicó;-6,46256258;-37,09561045
2402105;Campo Redondo;-6,242657592;-36,18323913
2402204;Canguaretama;-6,381400625;-35,12935461
2402303;Caraúbas;-5,795813499;-37,55901427
2402402;Carnaúba dos Dantas;-6,557180954;-36,5912117
2402501;Carnaubais;-5,337586803;-36,83438978
2402600;Ceará-Mirim;-5,637563735;-35,42175874
2402709;Cerro Corá;-6,045546372;-36,34795619
2402808;Coronel Ezequiel;-6,385867419;-36,21751182
2402907;Coronel João Pessoa;-6,26054539;-38,44374592
2403004;Cruzeta;-6,411062151;-36,7850353
2403103;Currais Novos;-6,255756596;-36,51744971
2403202;Doutor Severiano;-6,094870684;-38,37501745
2403251;Parnamirim;-5,917459406;-35,26627714
2403301;Encanto;-6,110727806;-38,30656523
2403400;Equador;-6,945226747;-36,71723156
2403509;Espírito Santo;-6,332900265;-35,31176605
2403608;Extremoz;-5,704247742;-35,28951697
2403707;Felipe Guerra;-5,601976183;-37,68853089
2403756;Fernando Pedroza;-5,696139124;-36,53072689
2403806;Florânia;-6,123556454;-36,81065512
2403905;Francisco Dantas;-6,088636564;-38,12336654
2404002;Frutuoso Gomes;-6,160262548;-37,84207329
2404101;Galinhos;-5,091848661;-36,27448215
2404200;Goianinha;-6,267749361;-35,20920547
2404309;Governador Dix-Sept Rosado;-5,458395693;-37,52292852
2404408;Grossos;-4,980149873;-37,15440344
2404507;Guamaré;-5,106927583;-36,31739701
2404606;Ielmo Marinho;-5,822116871;-35,55191819
2404705;Ipanguaçu;-5,50724517;-36,85925897
2404804;Ipueira;-6,816026593;-37,19886207
2404853;Itajá;-5,643796918;-36,87158918
2404903;Itaú;-5,83906102;-37,99447773
2405009;Jaçanã;-6,427915024;-36,20376835
2405108;Jandaíra;-5,354778335;-36,1279243
2405207;Janduís;-6,01531615;-37,40774131
2405306;Januário Cicco;-6,160204162;-35,59967387
2405405;Japi;-6,466419063;-35,9464249
2405504;Jardim de Angicos;-5,650916792;-35,97096741
2405603;Jardim de Piranhas;-6,377062385;-37,34994838
2405702;Jardim do Seridó;-6,585679447;-36,77640214
2405801;João Câmara;-5,539117109;-35,8185865
2405900;João Dias;-6,275840345;-37,79622449
2406007;José da Penha;-6,317679425;-38,28338808
2406106;Jucurutu;-6,035499451;-37,02031884
2406155;Jundiá;-6,270676371;-35,32729356
2406205;Lagoa d'Anta;-6,391598806;-35,59737273
2406304;Lagoa de Pedras;-6,150422356;-35,43770194
2406403;Lagoa de Velhos;-6,003925117;-35,87123374
2406502;Lagoa Nova;-6,093798092;-36,47056881
2406601;Lagoa Salgada;-6,12121266;-35,47595413
2406700;Lajes;-5,699272206;-36,24467858
2406809;Lajes Pintadas;-6,149925296;-36,11646412
2406908;Lucrécia;-6,120224897;-37,81452581
2407005;Luís Gomes;-6,413517385;-38,38848334
2407104;Macaíba;-5,857216502;-35,35350877
2407203;Macau;-5,116442515;-36,63462103
2407252;Major Sales;-6,406853567;-38,32355614
2407302;Marcelino Vieira;-6,292916231;-38,16719627
2407401;Martins;-6,089269245;-37,91158901
2407500;Maxaranguape;-5,518306225;-35,25800164
2407609;Messias Targino;-6,077633155;-37,51312776
2407708;Montanhas;-6,49169398;-35,28851067
2407807;Monte Alegre;-6,06916134;-35,33260009
2407906;Monte das Gameleiras;-6,440835719;-35,7847667
2408003;Mossoró;-5,192183847;-37,34105032
2408102;Natal;-5,833965455;-35,22278046
2408201;Nísia Floresta;-6,08856184;-35,20898238
2408300;Nova Cruz;-6,479054832;-35,43434363
2408409;Olho d'Água do Borges;-5,956274153;-37,70714972
2408508;Ouro Branco;-6,702381573;-36,94525903
2408607;Paraná;-6,485872322;-38,31273952
2408706;Paraú;-5,77442329;-37,10029349
2408805;Parazinho;-5,226568608;-35,83937467
2408904;Parelhas;-6,691825496;-36,66232002
2408953;Rio do Fogo;-5,272825758;-35,38264878
2409100;Passa e Fica;-6,433118237;-35,64579443
2409209;Passagem;-6,280298625;-35,37848215
2409308;Patu;-6,109756417;-37,6364732
2409332;Santa Maria;-5,839977616;-35,69339432
2409407;Pau dos Ferros;-6,112476723;-38,20485706
2409506;Pedra Grande;-5,149659929;-35,87716591
2409605;Pedra Preta;-5,582172369;-36,10503451
2409704;Pedro Avelino;-5,520527801;-36,38727554
2409803;Pedro Velho;-6,438989894;-35,22168257
2409902;Pendências;-5,254076529;-36,71965373
2410009;Pilões;-6,268775935;-38,0426253
2410108;Poço Branco;-5,620761439;-35,66055778
2410207;Portalegre;-6,023755948;-37,9873339
2410256;Porto do Mangue;-5,067330939;-36,78003002
2410306;Serra Caiada;-6,105884204;-35,71240607
2410405;Pureza;-5,465792238;-35,55522258
2410504;Rafael Fernandes;-6,196050148;-38,22458986
2410603;Rafael Godeiro;-6,075887978;-37,7175141
2410702;Riacho da Cruz;-5,936014473;-37,94599197
2410801;Riacho de Santana;-6,264010159;-38,31436504
2410900;Riachuelo;-5,814102373;-35,82405899
2411007;Rodolfo Fernandes;-5,787984186;-38,06178585
2411056;Tibau;-4,834959236;-37,25215891
2411106;Ruy Barbosa;-5,881289848;-35,93529618
2411205;Santa Cruz;-6,222989216;-36,02216938
2411403;Santana do Matos;-5,959467374;-36,65529055
2411429;Santana do Seridó;-6,771920787;-36,73456159
2411502;Santo Antônio;-6,311177593;-35,48052125
2411601;São Bento do Norte;-5,065334342;-36,03940903
2411700;São Bento do Trairí;-6,342208919;-36,08558994
2411809;São Fernando;-6,377579254;-37,18592927
2411908;São Francisco do Oeste;-5,998813753;-38,16782199
2412005;São Gonçalo do Amarante;-5,785223433;-35,3305174
2412104;São João do Sabugi;-6,718135291;-37,20331193
2412203;São José de Mipibu;-6,073993784;-35,23536251
2412302;São José do Campestre;-6,317614691;-35,71265735
2412401;São José do Seridó;-6,448025346;-36,88134726
2412500;São Miguel;-6,213720234;-38,49620869
2412559;São Miguel do Gostoso;-5,125020053;-35,64241064
2412609;São Paulo do Potengi;-5,893835045;-35,76476987
2412708;São Pedro;-5,896224677;-35,63495042
2412807;São Rafael;-5,801741166;-36,88940799
2412906;São Tomé;-5,97105252;-36,07477597
2413003;São Vicente;-6,219343774;-36,68299644
2413102;Senador Elói de Souza;-6,035952993;-35,69279293
2413201;Senador Georgino Avelino;-6,163791696;-35,12547676
2413300;Serra de São Bento;-6,417769801;-35,70492641
2413359;Serra do Mel;-5,172687991;-37,04109752
2413409;Serra Negra do Norte;-6,665779513;-37,39876358
2413508;Serrinha;-6,278060551;-35,49720081
2413557;Serrinha dos Pintos;-6,112203004;-37,95690114
2413607;Severiano Melo;-5,777399999;-37,95717815
2413706;Sítio Novo;-6,103957694;-35,91107419
2413805;Taboleiro Grande;-5,93017856;-38,04451031
2413904;Taipu;-5,625374421;-35,59878275
2414001;Tangará;-6,197591444;-35,80032336
2414100;Tenente Ananias;-6,467653948;-38,17938705
2414159;Tenente Laurentino Cruz;-6,14805301;-36,71743341
2414209;Tibau do Sul;-6,187376159;-35,09211461
2414308;Timbaúba dos Batistas;-6,462453126;-37,27330695
2414407;Touros;-5,199323912;-35,45975198
2414456;Triunfo Potiguar;-5,866509481;-37,18839442
2414506;Umarizal;-5,991310179;-37,81276531
2414605;Upanema;-5,642806977;-37,25812184
2414704;Várzea;-6,346110648;-35,37465222
2414753;Venha-Ver;-6,32422262;-38,48738097
2414803;Vera Cruz;-6,047305022;-35,42910784
2414902;Viçosa;-5,994238317;-37,94522511
2415008;Vila Flor;-6,313835348;-35,0763338
2500106;Água Branca;-7,515197037;-37,64024756
2500205;Aguiar;-7,091302076;-38,17179236
2500304;Alagoa Grande;-7,041115113;-35,62714192
2500403;Alagoa Nova;-7,060756779;-35,76390556
2500502;Alagoinha;-6,951265221;-35,54631925
2500536;Alcantil;-7,741142083;-36,06490354
2500577;Algodão de Jandaíra;-6,902449729;-36,00964701
2500601;Alhandra;-7,432131851;-34,91025173
2500700;São João do Rio do Peixe;-6,732469499;-38,4479883
2500734;Amparo;-7,567357555;-37,0630475
2500775;Aparecida;-6,78630513;-38,08334131
2500809;Araçagi;-6,852748742;-35,37962331
2500908;Arara;-6,829583525;-35,75879346
2501005;Araruna;-6,534594813;-35,74094618
2501104;Areia;-6,965361994;-35,70263367
2501153;Areia de Baraúnas;-7,123778668;-36,94501818
2501203;Areial;-7,049889721;-35,92515507
2501302;Aroeiras;-7,547271895;-35,70469399
2501351;Assunção;-7,074999063;-36,73139708
2501401;Baía da Traição;-6,690400548;-34,93355158
2501500;Bananeiras;-6,744338704;-35,6309219
2501534;Baraúna;-6,642515354;-36,25504884
2501575;Barra de Santana;-7,522398923;-35,99700573
2501609;Barra de Santa Rosa;-6,71669589;-36,05982753
2501708;Barra de São Miguel;-7,752698657;-36,3166719
2501807;Bayeux;-7,128232384;-34,92563486
2501906;Belém;-6,694338241;-35,53711817
2502003;Belém do Brejo do Cruz;-6,190712392;-37,5373514
2502052;Bernardino Batista;-6,451844862;-38,55071186
2502102;Boa Ventura;-7,41603441;-38,21692953
2502151;Boa Vista;-7,263509912;-36,24139194
2502201;Bom Jesus;-6,815135687;-38,65521755
2502300;Bom Sucesso;-6,446465567;-37,92980508
2502409;Bonito de Santa Fé;-7,312491154;-38,51452815
2502508;Boqueirão;-7,482635446;-36,13231116
2502607;Igaracy;-7,18070834;-38,14995362
2502706;Borborema;-6,806093185;-35,59946855
2502805;Brejo do Cruz;-6,347930483;-37,50266732
2502904;Brejo dos Santos;-6,377396636;-37,82388564
2503001;Caaporã;-7,51427087;-34,91617416
2503100;Cabaceiras;-7,491872279;-36,28813131
2503209;Cabedelo;-6,97182145;-34,83311666
2503308;Cachoeira dos Índios;-6,92662489;-38,67352057
2503407;Cacimba de Areia;-7,128790212;-37,15659244
2503506;Cacimba de Dentro;-6,639924535;-35,793504
2503555;Cacimbas;-7,211602305;-37,05742318
2503605;Caiçara;-6,615208235;-35,46819714
2503704;Cajazeiras;-6,886863404;-38,56189678
2503753;Cajazeirinhas;-6,96520145;-37,79942804
2503803;Caldas Brandão;-7,168980905;-35,34302313
2503902;Camalaú;-7,889806715;-36,82572364
2504009;Campina Grande;-7,233087302;-35,8908111
2504033;Capim;-6,920190178;-35,16694673
2504074;Caraúbas;-7,728289844;-36,49348146
2504108;Carrapateira;-7,038382785;-38,34443908
2504157;Casserengue;-6,781560483;-35,81855803
2504207;Catingueira;-7,125742657;-37,60853559
2504306;Catolé do Rocha;-6,342302997;-37,7450835
2504355;Caturité;-7,42001203;-36,02093039
2504405;Conceição;-7,560774238;-38,50889675
2504504;Condado;-6,910210586;-37,60005685
2504603;Conde;-7,259566239;-34,91249835
2504702;Congo;-7,797733562;-36,66044195
2504801;Coremas;-7,018392829;-37,94489652
2504850;Coxixola;-7,626323427;-36,60510649
2504900;Cruz do Espírito Santo;-7,138413674;-35,08646535
2505006;Cubati;-6,864879839;-36,35227643
2505105;Cuité;-6,48573108;-36,15490563
2505204;Cuitegi;-6,896013282;-35,52266912
2505238;Cuité de Mamanguape;-6,91514007;-35,25081814
2505279;Curral de Cima;-6,716736034;-35,26710682
2505303;Curral Velho;-7,537227802;-38,19715372
2505352;Damião;-6,631798464;-35,90518002
2505402;Desterro;-7,28788803;-37,08639896
2505501;Vista Serrana;-6,738709038;-37,5674058
2505600;Diamante;-7,426738072;-38,26235249
2505709;Dona Inês;-6,60321384;-35,6274447
2505808;Duas Estradas;-6,688739202;-35,41843803
2505907;Emas;-7,107512173;-37,71510937
2506004;Esperança;-7,018660234;-35,85950723
2506103;Fagundes;-7,358209282;-35,78521437
2506202;Frei Martinho;-6,400508798;-36,45120136
2506251;Gado Bravo;-7,582639748;-35,78854344
2506301;Guarabira;-6,852087373;-35,49005634
2506400;Gurinhém;-7,121968708;-35,42517646
2506509;Gurjão;-7,246387367;-36,48804876
2506608;Ibiara;-7,501143482;-38,40468282
2506707;Imaculada;-7,389660335;-37,50670388
2506806;Ingá;-7,291162012;-35,61079795
2506905;Itabaiana;-7,336040691;-35,33711749
2507002;Itaporanga;-7,30398355;-38,14985977
2507101;Itapororoca;-6,828933003;-35,24628296
2507200;Itatuba;-7,378342624;-35,62772361
2507309;Jacaraú;-6,61369779;-35,28977858
2507408;Jericó;-6,553695272;-37,8088562
2507507;João Pessoa;-7,128609406;-34,86160456
2507606;Juarez Távora;-7,171659867;-35,59160828
2507705;Juazeirinho;-7,06833965;-36,57923795
2507804;Junco do Seridó;-6,994164428;-36,71418898
2507903;Juripiranga;-7,372594201;-35,23723605
2508000;Juru;-7,535101207;-37,81787538
2508109;Lagoa;-6,590523517;-37,91404674
2508208;Lagoa de Dentro;-6,670805868;-35,37926911
2508307;Lagoa Seca;-7,155824739;-35,85456342
2508406;Lastro;-6,517812802;-38,17888972
2508505;Livramento;-7,373776784;-36,94496041
2508554;Logradouro;-6,616495338;-35,44073893
2508604;Lucena;-6,898153894;-34,8730507
2508703;Mãe d'Água;-7,257912305;-37,42769494
2508802;Malta;-6,906358059;-37,52192937
2508901;Mamanguape;-6,833403404;-35,12016688
2509008;Manaíra;-7,707366495;-38,1549646
2509057;Marcação;-6,769848914;-35,01159637
2509107;Mari;-7,057960472;-35,31876894
2509156;Marizópolis;-6,843801371;-38,3461481
2509206;Massaranduba;-7,181242232;-35,73364904
2509305;Mataraca;-6,59870479;-35,05412512
2509339;Matinhas;-7,122040443;-35,77013866
2509370;Mato Grosso;-6,54155002;-37,71193727
2509396;Maturéia;-7,265607523;-37,34184188
2509404;Mogeiro;-7,306826572;-35,47298571
2509503;Montadas;-7,087774855;-35,95965232
2509602;Monte Horebe;-7,214736924;-38,58458208
2509701;Monteiro;-7,894646549;-37,12213009
2509800;Mulungu;-7,031474196;-35,46437952
2509909;Natuba;-7,643499876;-35,55311245
2510006;Nazarezinho;-6,915306139;-38,32570329
2510105;Nova Floresta;-6,456701601;-36,20494044
2510204;Nova Olinda;-7,482349139;-38,04204992
2510303;Nova Palmeira;-6,678900795;-36,41986562
2510402;Olho d'Água;-7,228602246;-37,75041818
2510501;Olivedos;-6,991666445;-36,24400656
2510600;Ouro Velho;-7,617782065;-37,15310736
2510659;Parari;-7,318208325;-36,65623676
2510709;Passagem;-7,136881968;-37,04946839
2510808;Patos;-7,031293073;-37,28105912
2510907;Paulista;-6,594023788;-37,6243332
2511004;Pedra Branca;-7,4276196;-38,06875922
2511103;Pedra Lavrada;-6,756036703;-36,46835319
2511202;Pedras de Fogo;-7,402538072;-35,11248001
2511301;Piancó;-7,197185443;-37,92532767
2511400;Picuí;-6,50886581;-36,35000217
2511509;Pilar;-7,266466527;-35,25699583
2511608;Pilões;-6,866654016;-35,61182313
2511707;Pilõezinhos;-6,84252102;-35,52926669
2511806;Pirpirituba;-6,780744265;-35,49709108
2511905;Pitimbu;-7,464222446;-34,81653781
2512002;Pocinhos;-7,073806892;-36,06083442
2512036;Poço Dantas;-6,404035087;-38,49635452
2512077;Poço de José de Moura;-6,574616684;-38,51158924
2512101;Pombal;-6,770932158;-37,80039811
2512200;Prata;-7,695018279;-37,08360734
2512309;Princesa Isabel;-7,737123574;-37,99193232
2512408;Puxinanã;-7,147244074;-35,96303544
2512507;Queimadas;-7,366947933;-35,90359131
2512606;Quixaba;-7,030853212;-37,14840676
2512705;Remígio;-6,968053119;-35,79230648
2512721;Pedro Régis;-6,640412865;-35,27337767
2512747;Riachão;-6,540518852;-35,66038948
2512754;Riachão do Bacamarte;-7,250812776;-35,665256
2512762;Riachão do Poço;-7,146660116;-35,26361623
2512788;Riacho de Santo Antônio;-7,692207869;-36,15600069
2512804;Riacho dos Cavalos;-6,43724968;-37,65053392
2512903;Rio Tinto;-6,808640874;-35,0768579
2513000;Salgadinho;-7,102726943;-36,84503732
2513109;Salgado de São Félix;-7,357580231;-35,43636633
2513158;Santa Cecília;-7,743028406;-35,87940613
2513208;Santa Cruz;-6,533917901;-38,0608754
2513307;Santa Helena;-6,721182179;-38,64002316
2513356;Santa Inês;-7,626380943;-38,55868718
2513406;Santa Luzia;-6,869725885;-36,91887113
2513505;Santana de Mangueira;-7,553486589;-38,33274422
2513604;Santana dos Garrotes;-7,385368735;-37,98730431
2513653;Joca Claudino;-6,482853554;-38,48002007
2513703;Santa Rita;-7,151181527;-34,97073838
2513802;Santa Teresinha;-7,084215382;-37,44402862
2513851;Santo André;-7,220197882;-36,63166304
2513901;São Bento;-6,491642962;-37,45003027
2513927;São Bentinho;-6,890560967;-37,72590575
2513943;São Domingos do Cariri;-7,633344121;-36,43315541
2513968;São Domingos;-6,816322326;-37,94149929
2513984;São Francisco;-6,619231384;-38,09490683
2514008;São João do Cariri;-7,38948371;-36,5314453
2514107;São João do Tigre;-8,080549891;-36,848467
2514206;São José da Lagoa Tapada;-6,941153234;-38,16229158
2514305;São José de Caiana;-7,251087052;-38,30147019
2514404;São José de Espinharas;-6,846134548;-37,32571447
2514453;São José dos Ramos;-7,247816698;-35,37825219
2514503;São José de Piranhas;-7,120596608;-38,49817101
2514552;São José de Princesa;-7,740693931;-38,09865273
2514602;São José do Bonfim;-7,160356818;-37,30724017
2514651;São José do Brejo do Cruz;-6,212189619;-37,35490902
2514701;São José do Sabugi;-6,774055049;-36,79836111
2514800;São José dos Cordeiros;-7,391384108;-36,80785048
2514909;São Mamede;-6,927707475;-37,09542819
2515005;São Miguel de Taipu;-7,250164469;-35,21013726
2515104;São Sebastião de Lagoa de Roça;-7,105727759;-35,86862972
2515203;São Sebastião do Umbuzeiro;-8,152796468;-37,00932151
2515302;Sapé;-7,09079878;-35,23053542
2515401;São Vicente do Seridó;-6,933754468;-36,4011628
2515500;Serra Branca;-7,485117329;-36,66185687
2515609;Serra da Raiz;-6,684635319;-35,43681747
2515708;Serra Grande;-7,2156536;-38,36904168
2515807;Serra Redonda;-7,18669078;-35,67996411
2515906;Serraria;-6,819038893;-35,63357396
2515930;Sertãozinho;-6,749767573;-35,43637136
2515971;Sobrado;-7,143728582;-35,237376
2516003;Solânea;-6,76053494;-35,65872501
2516102;Soledade;-7,059088519;-36,36292896
2516151;Sossêgo;-6,766246818;-36,24743582
2516201;Sousa;-6,758422441;-38,23265857
2516300;Sumé;-7,672511921;-36,88287565
2516409;Tacima;-6,487486352;-35,63971919
2516508;Taperoá;-7,208983834;-36,82423335
2516607;Tavares;-7,635826501;-37,87718139
2516706;Teixeira;-7,223724169;-37,2523094
2516755;Tenório;-6,941702969;-36,62850953
2516805;Triunfo;-6,57870033;-38,59748506
2516904;Uiraúna;-6,52145667;-38,41291355
2517001;Umbuzeiro;-7,696833579;-35,66288787
2517100;Várzea;-6,77091265;-36,9925564
2517209;Vieirópolis;-6,544070263;-38,2784266
2517407;Zabelê;-8,076006927;-37,09933391
2600054;Abreu e Lima;-7,903838884;-34,90731181
2600104;Afogados da Ingazeira;-7,750158406;-37,6383508
2600203;Afrânio;-8,514635165;-41,00696085
2600302;Agrestina;-8,455633024;-35,94808663
2600401;Água Preta;-8,709892814;-35,52357028
2600500;Águas Belas;-9,111137172;-37,12164021
2600609;Alagoinha;-8,46489112;-36,77606985
2600708;Aliança;-7,604191776;-35,22989094
2600807;Altinho;-8,487784351;-36,05957678
2600906;Amaraji;-8,377434306;-35,45145961
2601003;Angelim;-8,888201697;-36,28806297
2601052;Araçoiaba;-7,787277488;-35,08622544
2601102;Araripina;-7,577038548;-40,4981372
2601201;Arcoverde;-8,417908645;-37,05714488
2601300;Barra de Guabiraba;-8,416895608;-35,66314426
2601409;Barreiros;-8,813225397;-35,19760542
2601508;Belém de Maria;-8,62417972;-35,84058919
2601607;Belém do São Francisco;-8,753533857;-38,96335149
2601706;Belo Jardim;-8,336853446;-36,42239014
2601805;Betânia;-8,273529892;-38,03650554
2601904;Bezerros;-8,236738995;-35,75266366
2602001;Bodocó;-7,779239264;-39,93820102
2602100;Bom Conselho;-9,167018433;-36,6856388
2602209;Bom Jardim;-7,798958763;-35,58798895
2602308;Bonito;-8,471233625;-35,73327836
2602407;Brejão;-9,028121791;-36,56788457
2602506;Brejinho;-7,348494931;-37,28594694
2602605;Brejo da Madre de Deus;-8,144145016;-36,37107438
2602704;Buenos Aires;-7,721747612;-35,32730652
2602803;Buíque;-8,623017546;-37,15580855
2602902;Cabo de Santo Agostinho;-8,287476549;-35,03155134
2603009;Cabrobó;-8,511220755;-39,31350954
2603108;Cachoeirinha;-8,488360901;-36,23701241
2603207;Caetés;-8,772455639;-36,62629069
2603306;Calçado;-8,740984199;-36,33597261
2603405;Calumbi;-7,940194889;-38,15083933
2603454;Camaragibe;-8,022116332;-34,98294947
2603504;Camocim de São Félix;-8,362629445;-35,76447956
2603603;Camutanga;-7,409883941;-35,27315846
2603702;Canhotinho;-8,881524628;-36,19178337
2603801;Capoeiras;-8,740589583;-36,62798056
2603900;Carnaíba;-7,804060266;-37,79239389
2603926;Carnaubeira da Penha;-8,319732711;-38,74383868
2604007;Carpina;-7,848120171;-35,25663918
2604106;Caruaru;-8,281979742;-35,96707019
2604155;Casinhas;-7,74512512;-35,72371723
2604205;Catende;-8,667591185;-35,72277795
2604304;Cedro;-7,720635016;-39,23735057
2604403;Chã de Alegria;-8,001124278;-35,21268179
2604502;Chã Grande;-8,242298359;-35,4596838
2604601;Condado;-7,586182632;-35,10337789
2604700;Correntes;-9,128672114;-36,32841417
2604809;Cortês;-8,472133659;-35,54277102
2604908;Cumaru;-8,010934009;-35,69719562
2605004;Cupira;-8,611489025;-35,95168677
2605103;Custódia;-8,087653429;-37,64170148
2605152;Dormentes;-8,444303356;-40,7662834
2605202;Escada;-8,361129385;-35,23165904
2605301;Exu;-7,511148797;-39,72183204
2605400;Feira Nova;-7,948019956;-35,38882286
2605459;Fernando de Noronha;-3,852021401;-32,43518633
2605509;Ferreiros;-7,450083785;-35,24345196
2605608;Flores;-7,868276945;-37,97432384
2605707;Floresta;-8,601682358;-38,5745633
2605806;Frei Miguelinho;-7,941641133;-35,92080487
2605905;Gameleira;-8,583587951;-35,38586498
2606002;Garanhuns;-8,885708093;-36,48330526
2606101;Glória do Goitá;-8,002470392;-35,29410442
2606200;Goiana;-7,562427027;-35,01255797
2606309;Granito;-7,716318749;-39,61534786
2606408;Gravatá;-8,208123494;-35,57067209
2606507;Iati;-9,043682705;-36,84651053
2606606;Ibimirim;-8,538011936;-37,69602999
2606705;Ibirajuba;-8,579532853;-36,17696614
2606804;Igarassu;-7,837795738;-34,90248601
2606903;Iguaracy;-7,835241399;-37,51488422
2607000;Inajá;-8,901785722;-37,82544045
2607109;Ingazeira;-7,677737108;-37,45986778
2607208;Ipojuca;-8,398630829;-35,06365257
2607307;Ipubi;-7,651085689;-40,14765355
2607406;Itacuruba;-8,726299393;-38,68754443
2607505;Itaíba;-8,946978994;-37,42146331
2607604;Ilha de Itamaracá;-7,75183565;-34,82756383
2607653;Itambé;-7,409472426;-35,11132556
2607703;Itapetim;-7,378059453;-37,18950221
2607752;Itapissuma;-7,776241148;-34,8944441
2607802;Itaquitinga;-7,664713952;-35,10278901
2607901;Jaboatão dos Guararapes;-8,114236765;-35,02136621
2607950;Jaqueira;-8,728043513;-35,79778084
2608008;Jataúba;-7,986286243;-36,49610615
2608057;Jatobá;-9,186872841;-38,26928201
2608107;João Alfredo;-7,860685375;-35,59117472
2608206;Joaquim Nabuco;-8,626489602;-35,52747043
2608255;Jucati;-8,706730872;-36,48889555
2608305;Jupi;-8,711965382;-36,41820328
2608404;Jurema;-8,720145271;-36,13635584
2608453;Lagoa do Carro;-7,842489596;-35,31230732
2608503;Lagoa de Itaenga;-7,934850593;-35,29343307
2608602;Lagoa do Ouro;-9,126502446;-36,45767704
2608701;Lagoa dos Gatos;-8,654090665;-35,90398493
2608750;Lagoa Grande;-8,994631534;-40,27024006
2608800;Lajedo;-8,660387965;-36,32305796
2608909;Limoeiro;-7,8797439;-35,44616462
2609006;Macaparana;-7,554413103;-35,45005684
2609105;Machados;-7,684113628;-35,52507754
2609154;Manari;-8,961018606;-37,62457032
2609204;Maraial;-8,782328913;-35,81298973
2609303;Mirandiba;-8,121372973;-38,72905433
2609402;Moreno;-8,122620202;-35,10355411
2609501;Nazaré da Mata;-7,749803753;-35,23584694
2609600;Olinda;-8,013359213;-34,85166937
2609709;Orobó;-7,74725581;-35,60450943
2609808;Orocó;-8,617596744;-39,59979964
2609907;Ouricuri;-7,883947749;-40,08073621
2610004;Palmares;-8,679891659;-35,58957282
2610103;Palmeirina;-9,013365335;-36,3257139
2610202;Panelas;-8,664567402;-36,007174
2610301;Paranatama;-8,920569565;-36,65952213
2610400;Parnamirim;-8,09155781;-39,57823937
2610509;Passira;-7,97759329;-35,58394722
2610608;Paudalho;-7,901639925;-35,16833072
2610707;Paulista;-7,940593327;-34,86738567
2610806;Pedra;-8,499946859;-36,94590267
2610905;Pesqueira;-8,362070449;-36,69646431
2611002;Petrolândia;-8,97419542;-38,2219047
2611101;Petrolina;-9,381090919;-40,52694393
2611200;Poção;-8,186205304;-36,70405393
2611309;Pombos;-8,14574427;-35,39888087
2611408;Primavera;-8,332382844;-35,35179475
2611507;Quipapá;-8,825768158;-36,01082305
2611533;Quixaba;-7,719143961;-37,84596348
2611606;Recife;-8,04263951;-34,87912532
2611705;Riacho das Almas;-8,134470656;-35,85958322
2611804;Ribeirão;-8,512335207;-35,37746466
2611903;Rio Formoso;-8,661140937;-35,15635614
2612000;Sairé;-8,328699394;-35,71088905
2612109;Salgadinho;-7,939750856;-35,6335384
2612208;Salgueiro;-8,073734;-39,12469
2612307;Saloá;-8,973902949;-36,68971591
2612406;Sanharó;-8,361797279;-36,56323071
2612455;Santa Cruz;-8,240975344;-40,33761609
2612471;Santa Cruz da Baixa Verde;-7,821186353;-38,15212007
2612505;Santa Cruz do Capibaribe;-7,948442934;-36,20639005
2612554;Santa Filomena;-8,160442569;-40,61195371
2612604;Santa Maria da Boa Vista;-8,797655;-39,824056
2612703;Santa Maria do Cambucá;-7,832980095;-35,88137277
2612802;Santa Terezinha;-7,374637258;-37,48000256
2612901;São Benedito do Sul;-8,811135092;-35,9473142
2613008;São Bento do Una;-8,52181109;-36,44290903
2613107;São Caitano;-8,328399213;-36,13952123
2613206;São João;-8,877845178;-36,3665297
2613305;São Joaquim do Monte;-8,432532134;-35,80888127
2613404;São José da Coroa Grande;-8,888849704;-35,15575612
2613503;São José do Belmonte;-7,861412439;-38,75749518
2613602;São José do Egito;-7,469867229;-37,27427953
2613701;São Lourenço da Mata;-8,00217736;-35,02388027
2613800;São Vicente Férrer;-7,592066583;-35,48661295
2613909;Serra Talhada;-7,991854605;-38,29861168
2614006;Serrita;-7,946025181;-39,29415758
2614105;Sertânia;-8,071966827;-37,26741685
2614204;Sirinhaém;-8,593338326;-35,11435453
2614303;Moreilândia;-7,630104181;-39,55033759
2614402;Solidão;-7,600667636;-37,65274451
2614501;Surubim;-7,847061383;-35,7604976
2614600;Tabira;-7,592116325;-37,54026429
2614709;Tacaimbó;-8,316924115;-36,29190097
2614808;Tacaratu;-9,10339133;-38,14984089
2614857;Tamandaré;-8,7536945;-35,10085401
2615003;Taquaritinga do Norte;-7,903503523;-36,04551095
2615102;Terezinha;-9,056027908;-36,62450722
2615201;Terra Nova;-8,229364875;-39,37740327
2615300;Timbaúba;-7,510398452;-35,31722375
2615409;Toritama;-8,004173642;-36,05690128
2615508;Tracunhaém;-7,803247541;-35,23636422
2615607;Trindade;-7,761068437;-40,26586885
2615706;Triunfo;-7,8386835;-38,10240228
2615805;Tupanatinga;-8,753579037;-37,34327425
2615904;Tuparetama;-7,609259466;-37,31619181
2616001;Venturosa;-8,57644675;-36,87623436
2616100;Verdejante;-7,925984592;-38,97030007
2616183;Vertente do Lério;-7,775011247;-35,85075979
2616209;Vertentes;-7,903602149;-35,98672534
2616308;Vicência;-7,656441109;-35,32186037
2616407;Vitória de Santo Antão;-8,115465938;-35,29978279
2616506;Xexéu;-8,807996591;-35,63007438
2700102;Água Branca;-9,261500734;-37,93550089
2700201;Anadia;-9,68389873;-36,30295323
2700300;Arapiraca;-9,743624466;-36,65676929
2700409;Atalaia;-9,513322291;-36,00572328
2700508;Barra de Santo Antônio;-9,40407681;-35,5104968
2700607;Barra de São Miguel;-9,833981694;-35,89029918
2700706;Batalha;-9,673450667;-37,12788954
2700805;Belém;-9,570864186;-36,4917518
2700904;Belo Monte;-9,821309133;-37,28375635
2701001;Boca da Mata;-9,645692692;-36,2072945
2701100;Branquinha;-9,23592439;-36,01486664
2701209;Cacimbinhas;-9,399837125;-36,98962656
2701308;Cajueiro;-9,39263035;-36,15361737
2701357;Campestre;-8,850898243;-35,56797199
2701407;Campo Alegre;-9,78537416;-36,35010991
2701506;Campo Grande;-9,957173995;-36,79151472
2701605;Canapi;-9,121104596;-37,59692457
2701704;Capela;-9,411496663;-36,08046944
2701803;Carneiros;-9,483702654;-37,37594076
2701902;Chã Preta;-9,252714459;-36,29826332
2702009;Coité do Nóia;-9,634341806;-36,57767281
2702108;Colônia Leopoldina;-8,912400611;-35,72367799
2702207;Coqueiro Seco;-9,63406851;-35,79550884
2702306;Coruripe;-10,12609712;-36,17787897
2702355;Craíbas;-9,619966914;-36,76906973
2702405;Delmiro Gouveia;-9,383604546;-38,00328817
2702504;Dois Riachos;-9,387436292;-37,08967498
2702553;Estrela de Alagoas;-9,388967326;-36,7600101
2702603;Feira Grande;-9,898610961;-36,67901529
2702702;Feliz Deserto;-10,29368816;-36,3075515
2702801;Flexeiras;-9,276439798;-35,72444064
2702900;Girau do Ponciano;-9,88506393;-36,82682725
2703007;Ibateguara;-8,973894356;-35,93049301
2703106;Igaci;-9,539739575;-36,63627114
2703205;Igreja Nova;-10,12839058;-36,657106
2703304;Inhapi;-9,225452577;-37,75132928
2703403;Jacaré dos Homens;-9,634638746;-37,2048007
2703502;Jacuípe;-8,842797931;-35,45786775
2703601;Japaratinga;-9,087974141;-35,25937032
2703700;Jaramataia;-9,659308218;-37,00172583
2703759;Jequiá da Praia;-10,01130737;-36,02132714
2703809;Joaquim Gomes;-9,137388804;-35,75527821
2703908;Jundiá;-8,940672981;-35,55487489
2704005;Junqueiro;-9,911494826;-36,47313946
2704104;Lagoa da Canoa;-9,829386385;-36,74012422
2704203;Limoeiro de Anadia;-9,740711903;-36,50345747
2704302;Maceió;-9,640481851;-35,71505187
2704401;Major Isidoro;-9,533910488;-36,98697005
2704500;Maragogi;-9,011649768;-35,22258781
2704609;Maravilha;-9,230121442;-37,35138354
2704708;Marechal Deodoro;-9,714840887;-35,8944392
2704807;Maribondo;-9,578407593;-36,3044996
2704906;Mar Vermelho;-9,448023854;-36,38794642
2705002;Mata Grande;-9,119151666;-37,73125999
2705101;Matriz de Camaragibe;-9,154313687;-35,53031328
2705200;Messias;-9,393097809;-35,83953292
2705309;Minador do Negrão;-9,307797779;-36,86604672
2705408;Monteirópolis;-9,603425643;-37,24818757
2705507;Murici;-9,304895433;-35,94481987
2705606;Novo Lino;-8,943901824;-35,66187561
2705705;Olho d'Água das Flores;-9,53345825;-37,29580229
2705804;Olho d'Água do Casado;-9,503650749;-37,82704507
2705903;Olho d'Água Grande;-10,0571344;-36,81329294
2706000;Olivença;-9,518077391;-37,19120103
2706109;Ouro Branco;-9,161032178;-37,35759206
2706208;Palestina;-9,671121628;-37,33030245
2706307;Palmeira dos Índios;-9,411315538;-36,63240923
2706406;Pão de Açúcar;-9,748086562;-37,43379973
2706422;Pariconha;-9,256963433;-37,99993057
2706448;Paripueira;-9,469144635;-35,5554
2706505;Passo de Camaragibe;-9,239663439;-35,48727853
2706604;Paulo Jacinto;-9,367792933;-36,36880852
2706703;Penedo;-10,29133699;-36,58280283
2706802;Piaçabuçu;-10,40629556;-36,43148187
2706901;Pilar;-9,594050714;-35,95545335
2707008;Pindoba;-9,475446256;-36,2890846
2707107;Piranhas;-9,610195816;-37,76346397
2707206;Poço das Trincheiras;-9,304875552;-37,28478014
2707305;Porto Calvo;-9,053377928;-35,39877563
2707404;Porto de Pedras;-9,159950527;-35,29641655
2707503;Porto Real do Colégio;-10,18551817;-36,83635799
2707602;Quebrangulo;-9,320222911;-36,47045018
2707701;Rio Largo;-9,481584982;-35,84568369
2707800;Roteiro;-9,831941015;-35,9788503
2707909;Santa Luzia do Norte;-9,599548368;-35,82404177
2708006;Santana do Ipanema;-9,368977119;-37,24844795
2708105;Santana do Mundaú;-9,17052459;-36,22097496
2708204;São Brás;-10,12146424;-36,90194113
2708303;São José da Laje;-9,013164522;-36,04837952
2708402;São José da Tapera;-9,560566069;-37,38119694
2708501;São Luís do Quitunde;-9,315785438;-35,56213143
2708600;São Miguel dos Campos;-9,779993347;-36,10003395
2708709;São Miguel dos Milagres;-9,266551803;-35,37641204
2708808;São Sebastião;-9,931906243;-36,55016368
2708907;Satuba;-9,569243046;-35,82449636
2708956;Senador Rui Palmeira;-9,467510856;-37,45709338
2709004;Tanque d'Arca;-9,534774688;-36,43338822
2709103;Taquarana;-9,646285118;-36,49299275
2709152;Teotônio Vilela;-9,910788658;-36,35471183
2709202;Traipu;-9,964884748;-36,9987244
2709301;União dos Palmares;-9,158223366;-36,02445478
2709400;Viçosa;-9,371881698;-36,24227971
2800100;Amparo do São Francisco;-10,13618813;-36,92944159
2800209;Aquidabã;-10,28431557;-37,02020934
2800308;Aracaju;-10,92487491;-37,06349511
2800407;Arauá;-11,26518844;-37,6179411
2800506;Areia Branca;-10,76020191;-37,31147604
2800605;Barra dos Coqueiros;-10,90419548;-37,03311621
2800670;Boquim;-11,14632142;-37,6205903
2800704;Brejo Grande;-10,42957997;-36,46753872
2801009;Campo do Brito;-10,74581036;-37,49348425
2801108;Canhoba;-10,13797357;-36,98188067
2801207;Canindé de São Francisco;-9,660547818;-37,78911092
2801306;Capela;-10,50631888;-37,05395173
2801405;Carira;-10,3570029;-37,7031905
2801504;Carmópolis;-10,64897322;-36,98424818
2801603;Cedro de São João;-10,25172612;-36,88119565
2801702;Cristinápolis;-11,47818101;-37,75583631
2801900;Cumbe;-10,35540413;-37,18252775
2802007;Divina Pastora;-10,67830704;-37,15169903
2802106;Estância;-11,26860826;-37,43762977
2802205;Feira Nova;-10,26372201;-37,30950301
2802304;Frei Paulo;-10,55057866;-37,53403809
2802403;Gararu;-9,967739762;-37,08218192
2802502;General Maynard;-10,68514258;-36,98435477
2802601;Gracho Cardoso;-10,22994965;-37,19703886
2802700;Ilha das Flores;-10,43616057;-36,53578713
2802809;Indiaroba;-11,51845969;-37,51040107
2802908;Itabaiana;-10,68657437;-37,42575823
2803005;Itabaianinha;-11,27701083;-37,78856917
2803104;Itabi;-10,12735423;-37,10266602
2803203;Itaporanga d'Ajuda;-10,99807426;-37,31216887
2803302;Japaratuba;-10,59118477;-36,94439668
2803401;Japoatã;-10,34449458;-36,79829564
2803500;Lagarto;-10,91423649;-37,67071894
2803609;Laranjeiras;-10,80476128;-37,16711155
2803708;Macambira;-10,66654434;-37,54147969
2803807;Malhada dos Bois;-10,3446043;-36,92093096
2803906;Malhador;-10,65860969;-37,30623952
2804003;Maruim;-10,73810239;-37,08096169
2804102;Moita Bonita;-10,5791038;-37,34313467
2804201;Monte Alegre de Sergipe;-10,03075956;-37,56168326
2804300;Muribeca;-10,42432215;-36,95656417
2804409;Neópolis;-10,31962244;-36,58398501
2804458;Nossa Senhora Aparecida;-10,3974635;-37,45182229
2804508;Nossa Senhora da Glória;-10,21621268;-37,41909559
2804607;Nossa Senhora das Dores;-10,49108029;-37,19666415
2804706;Nossa Senhora de Lourdes;-10,07881664;-37,05752224
2804805;Nossa Senhora do Socorro;-10,84153079;-37,06451748
2804904;Pacatuba;-10,45153923;-36,64807209
2805000;Pedra Mole;-10,61896889;-37,68724371
2805109;Pedrinhas;-11,19281057;-37,67067549
2805208;Pinhão;-10,56800607;-37,7224022
2805307;Pirambu;-10,7371008;-36,8510462
2805406;Poço Redondo;-9,806375649;-37,68155887
2805505;Poço Verde;-10,71553172;-38,17807486
2805604;Porto da Folha;-9,914352307;-37,28884797
2805703;Propriá;-10,21680333;-36,83965159
2805802;Riachão do Dantas;-11,06955965;-37,72566258
2805901;Riachuelo;-10,73143362;-37,18717396
2806008;Ribeirópolis;-10,53679178;-37,43511452
2806107;Rosário do Catete;-10,69615444;-37,03252259
2806206;Salgado;-11,03195;-37,47540167
2806305;Santa Luzia do Itanhy;-11,35282833;-37,44868
2806404;Santana do São Francisco;-10,29238123;-36,60760455
2806503;Santa Rosa de Lima;-10,64682559;-37,19388441
2806602;Santo Amaro das Brotas;-10,78851594;-37,05338426
2806701;São Cristóvão;-11,01402001;-37,20762833
2806800;São Domingos;-10,79465634;-37,57000874
2806909;São Francisco;-10,34525536;-36,88375515
2807006;São Miguel do Aleixo;-10,38874176;-37,3824813
2807105;Simão Dias;-10,73911991;-37,80975914
2807204;Siriri;-10,60448537;-37,11348794
2807303;Telha;-10,20650678;-36,88103623
2807402;Tobias Barreto;-11,18587643;-37,99795609
2807501;Tomar do Geru;-11,36667622;-37,84157689
2807600;Umbaúba;-11,3833654;-37,66151791
2900108;Abaíra;-13,25072213;-41,66475181
2900207;Abaré;-8,723745693;-39,11458326
2900306;Acajutiba;-11,66014365;-38,01866858
2900355;Adustina;-10,53564506;-38,11583226
2900405;Água Fria;-11,86992291;-38,76151444
2900504;Érico Cardoso;-13,41758555;-42,14071832
2900603;Aiquara;-14,12569584;-39,88884101
2900702;Alagoinhas;-12,1404258;-38,42350491
2900801;Alcobaça;-17,5275082;-39,19437832
2900900;Almadina;-14,70513193;-39,63762169
2901007;Amargosa;-13,03188321;-39,59726809
2901106;Amélia Rodrigues;-12,39757512;-38,75355781
2901155;América Dourada;-11,45339019;-41,43679492
2901205;Anagé;-14,61425772;-41,1390524
2901304;Andaraí;-12,79523927;-41,32868338
2901353;Andorinha;-10,34357578;-39,83381197
2901403;Angical;-12,00911529;-44,70018422
2901502;Anguera;-12,15189784;-39,24408954
2901601;Antas;-10,41315141;-38,33237696
2901700;Antônio Cardoso;-12,43617477;-39,1197356
2901809;Antônio Gonçalves;-10,57215003;-40,2758618
2901908;Aporá;-11,66000335;-38,07967501
2901957;Apuarema;-13,85584934;-39,7447605
2902005;Aracatu;-14,43001115;-41,46374185
2902054;Araçás;-12,21438775;-38,20198916
2902104;Araci;-11,33333027;-38,95994983
2902203;Aramari;-12,09078441;-38,49596538
2902252;Arataca;-15,26036874;-39,41319515
2902302;Aratuípe;-13,07731655;-39,00190428
2902401;Aurelino Leal;-14,31811019;-39,32269951
2902500;Baianópolis;-12,30756559;-44,53869108
2902609;Baixa Grande;-11,95610422;-40,16872804
2902658;Banzaê;-10,58304189;-38,61311703
2902708;Barra;-11,08947111;-43,14231768
2902807;Barra da Estiva;-13,62731302;-41,33061941
2902906;Barra do Choça;-14,86442859;-40,57611447
2903003;Barra do Mendes;-11,80758862;-42,06084037
2903102;Barra do Rocha;-14,20966398;-39,60021067
2903201;Barreiras;-12,12209861;-45,00787135
2903235;Barro Alto;-11,76203488;-41,91001094
2903276;Barrocas;-11,53030739;-39,07897578
2903300;Barro Preto;-14,80975439;-39,47333467
2903409;Belmonte;-15,85997064;-38,87909841
2903508;Belo Campo;-15,03712811;-41,26071455
2903607;Biritinga;-11,62145222;-38,80547998
2903706;Boa Nova;-14,36417455;-40,20608677
2903805;Boa Vista do Tupim;-12,66056146;-40,60888709
2903904;Bom Jesus da Lapa;-13,24975871;-43,40573683
2903953;Bom Jesus da Serra;-14,37395111;-40,50491999
2904001;Boninal;-12,70789652;-41,82656629
2904050;Bonito;-11,96989395;-41,2649968
2904100;Boquira;-12,82050477;-42,73037854
2904209;Botuporã;-13,37959698;-42,52458488
2904308;Brejões;-13,10399023;-39,79421315
2904407;Brejolândia;-12,48634538;-43,96163404
2904506;Brotas de Macaúbas;-12,00175565;-42,62785621
2904605;Brumado;-14,20391311;-41,6714436
2904704;Buerarema;-14,95605954;-39,3027474
2904753;Buritirama;-10,71756823;-43,63399127
2904803;Caatiba;-14,97823743;-40,40922608
2904852;Cabaceiras do Paraguaçu;-12,53527056;-39,19066978
2904902;Cachoeira;-12,59964217;-38,96560677
2905008;Caculé;-14,49802032;-42,22202836
2905107;Caém;-11,09167005;-40,43231089
2905156;Caetanos;-14,33890726;-40,91005569
2905206;Caetité;-14,06537239;-42,48582563
2905305;Cafarnaum;-11,69259876;-41,47048152
2905404;Cairu;-13,48883474;-39,04691869
2905503;Caldeirão Grande;-11,02198425;-40,30596691
2905602;Camacan;-15,41559337;-39,4944045
2905701;Camaçari;-12,70320736;-38,31895999
2905800;Camamu;-13,9441991;-39,10609638
2905909;Campo Alegre de Lourdes;-9,516016506;-43,00888423
2906006;Campo Formoso;-10,50542671;-40,32180685
2906105;Canápolis;-13,06901692;-44,20205621
2906204;Canarana;-11,68847023;-41,7696724
2906303;Canavieiras;-15,67436345;-38,94953803
2906402;Candeal;-11,80661111;-39,12038313
2906501;Candeias;-12,67113298;-38,54051062
2906600;Candiba;-14,4138275;-42,871054
2906709;Cândido Sales;-15,50641609;-41,23816908
2906808;Cansanção;-10,66607814;-39,49810805
2906824;Canudos;-9,895916593;-39,02838303
2906857;Capela do Alto Alegre;-11,66831871;-39,8373346
2906873;Capim Grosso;-11,38138849;-40,00965235
2906899;Caraíbas;-14,72546097;-41,25576439
2906907;Caravelas;-17,73741043;-39,25922238
2907004;Cardeal da Silva;-11,9418332;-37,94875396
2907103;Carinhanha;-14,29883708;-43,7709128
2907202;Casa Nova;-9,174286225;-40,97369466
2907301;Castro Alves;-12,76761524;-39,42666834
2907400;Catolândia;-12,31580623;-44,86319965
2907509;Catu;-12,35405213;-38,37547699
2907558;Caturama;-13,3303263;-42,29181812
2907608;Central;-11,13729806;-42,1090871
2907707;Chorrochó;-8,978238094;-39,09997458
2907806;Cícero Dantas;-10,59518603;-38,38296835
2907905;Cipó;-11,10190109;-38,51460158
2908002;Coaraci;-14,63836998;-39,55063346
2908101;Cocos;-14,18106173;-44,53603853
2908200;Conceição da Feira;-12,49664937;-38,99806417
2908309;Conceição do Almeida;-12,7774912;-39,16918524
2908408;Conceição do Coité;-11,56560326;-39,28331096
2908507;Conceição do Jacuípe;-12,33574559;-38,77133033
2908606;Conde;-11,81319888;-37,61140485
2908705;Condeúba;-14,9029197;-41,97349599
2908804;Contendas do Sincorá;-13,7627791;-41,04302308
2908903;Coração de Maria;-12,24925793;-38,74774002
2909000;Cordeiros;-15,0391648;-41,93187385
2909109;Coribe;-13,82809194;-44,45697953
2909208;Coronel João Sá;-10,28430683;-37,92544804
2909307;Correntina;-13,34314816;-44,6349213
2909406;Cotegipe;-12,02916499;-44,26120213
2909505;Cravolândia;-13,35558664;-39,81307697
2909604;Crisópolis;-11,51157;-38,15009667
2909703;Cristópolis;-12,23645644;-44,41933292
2909802;Cruz das Almas;-12,66410261;-39,10206058
2909901;Curaçá;-8,989149195;-39,90573572
2910008;Dário Meira;-14,43245727;-39,90284457
2910057;Dias d'Ávila;-12,61396982;-38,30097104
2910107;Dom Basílio;-13,76158915;-41,77077286
2910206;Dom Macedo Costa;-12,90596582;-39,19210797
2910305;Elísio Medrado;-12,94638234;-39,52106725
2910404;Encruzilhada;-15,53246611;-40,9076327
2910503;Entre Rios;-11,94391167;-38,08501334
2910602;Esplanada;-11,79299263;-37,95064962
2910701;Euclides da Cunha;-10,50526778;-39,01269939
2910727;Eunápolis;-16,37026122;-39,58104061
2910750;Fátima;-10,59401134;-38,21165612
2910776;Feira da Mata;-14,2102338;-44,27957807
2910800;Feira de Santana;-12,26005719;-38,95173415
2910859;Filadélfia;-10,74034756;-40,13252906
2910909;Firmino Alves;-14,98753954;-39,92383124
2911006;Floresta Azul;-14,85857796;-39,65647928
2911105;Formosa do Rio Preto;-11,04265376;-45,19043123
2911204;Gandu;-13,74705064;-39,48995497
2911253;Gavião;-11,47119634;-39,7832249
2911303;Gentio do Ouro;-11,43203671;-42,50728387
2911402;Glória;-9,343277993;-38,25688853
2911501;Gongogi;-14,32448236;-39,46547015
2911600;Governador Mangabeira;-12,60128169;-39,04268317
2911659;Guajeru;-14,54701135;-41,93640135
2911709;Guanambi;-14,22131035;-42,7788554
2911808;Guaratinga;-16,58253698;-39,78271852
2911857;Heliópolis;-10,67679845;-38,28201145
2911907;Iaçu;-12,77170073;-40,20873263
2912004;Ibiassucê;-14,27013444;-42,25711724
2912103;Ibicaraí;-14,86526937;-39,58743617
2912202;Ibicoara;-13,41532071;-41,28051906
2912301;Ibicuí;-14,84200153;-39,98496633
2912400;Ibipeba;-11,64310351;-42,00988658
2912509;Ibipitanga;-12,88133606;-42,48748471
2912608;Ibiquera;-12,64838613;-40,93039422
2912707;Ibirapitanga;-14,16206377;-39,37270298
2912806;Ibirapuã;-17,68768898;-40,11028657
2912905;Ibirataia;-14,06482888;-39,64072409
2913002;Ibitiara;-12,64918085;-42,21616967
2913101;Ibititá;-11,54858951;-41,97596173
2913200;Ibotirama;-12,17776481;-43,21657815
2913309;Ichu;-11,74868586;-39,19059707
2913408;Igaporã;-13,76995977;-42,71823817
2913457;Igrapiúna;-13,82135304;-39,14163176
2913507;Iguaí;-14,75151552;-40,08746645
2913606;Ilhéus;-14,80586474;-39,0597155
2913705;Inhambupe;-11,78614;-38,35249833
2913804;Ipecaetá;-12,31569918;-39,30843048
2913903;Ipiaú;-14,13332115;-39,73738443
2914000;Ipirá;-12,15468664;-39,73899588
2914109;Ipupiara;-11,82203728;-42,61145198
2914208;Irajuba;-13,25228459;-40,08405935
2914307;Iramaia;-13,29292916;-40,95932989
2914406;Iraquara;-12,24470032;-41,61983106
2914505;Irará;-12,03409335;-38,76689676
2914604;Irecê;-11,30473407;-41,86296005
2914653;Itabela;-16,57567847;-39,55951911
2914703;Itaberaba;-12,52187929;-40,30245432
2914802;Itabuna;-14,79105563;-39,28023996
2914901;Itacaré;-14,27823109;-38,99816142
2915007;Itaeté;-12,98222721;-40,96387811
2915106;Itagi;-14,1638887;-40,00382392
2915205;Itagibá;-14,28384137;-39,84394163
2915304;Itagimirim;-16,09247232;-39,61301267
2915353;Itaguaçu da Bahia;-11,01013039;-42,39985084
2915403;Itaju do Colônia;-15,14237603;-39,72347239
2915502;Itajuípe;-14,67654139;-39,3739196
2915601;Itamaraju;-17,03614628;-39,5345863
2915700;Itamari;-13,77940058;-39,68475567
2915809;Itambé;-15,24404011;-40,6241827
2915908;Itanagra;-12,25488821;-38,04054719
2916005;Itanhém;-17,16606268;-40,33039381
2916104;Itaparica;-12,88926625;-38,67844113
2916203;Itapé;-14,8965973;-39,42471343
2916302;Itapebi;-15,97057357;-39,53192297
2916401;Itapetinga;-15,247533;-40,248236
2916500;Itapicuru;-11,31019493;-38,21754226
2916609;Itapitanga;-14,42304173;-39,56383907
2916708;Itaquara;-13,44880202;-39,93919623
2916807;Itarantim;-15,65328683;-40,06043767
2916856;Itatim;-12,71360669;-39,69716605
2916906;Itiruçu;-13,53432943;-40,15138402
2917003;Itiúba;-10,69142687;-39,85434951
2917102;Itororó;-15,11817216;-40,06829608
2917201;Ituaçu;-13,81448573;-41,29953274
2917300;Ituberá;-13,72918693;-39,14591044
2917334;Iuiu;-14,41069574;-43,55117633
2917359;Jaborandi;-13,62000014;-44,46945607
2917409;Jacaraci;-14,84310791;-42,4320798
2917508;Jacobina;-11,18020896;-40,51458997
2917607;Jaguaquara;-13,52775537;-39,9683149
2917706;Jaguarari;-10,25865411;-40,19534169
2917805;Jaguaripe;-13,11372158;-38,89695286
2917904;Jandaíra;-11,569504;-37,78446993
2918001;Jequié;-13,85865839;-40,08116688
2918100;Jeremoabo;-10,07626193;-38,34802991
2918209;Jiquiriçá;-13,25400549;-39,5682459
2918308;Jitaúna;-14,01667784;-39,88976592
2918357;João Dourado;-11,34710536;-41,66111193
2918407;Juazeiro;-9,43291978;-40,49126777
2918456;Jucuruçu;-16,84328349;-40,15936085
2918506;Jussara;-11,04519615;-41,96970251
2918555;Jussari;-15,18797278;-39,49414428
2918605;Jussiape;-13,51597696;-41,59165955
2918704;Lafaiete Coutinho;-13,65603299;-40,21245835
2918753;Lagoa Real;-14,03404227;-42,14141867
2918803;Laje;-13,18227017;-39,42391701
2918902;Lajedão;-17,61367758;-40,34452682
2919009;Lajedinho;-12,35560591;-40,90346864
2919058;Lajedo do Tabocal;-13,47336734;-40,22202914
2919108;Lamarão;-11,79331458;-38,88368415
2919157;Lapão;-11,38181464;-41,83198894
2919207;Lauro de Freitas;-12,89605574;-38,32067851
2919306;Lençóis;-12,56260125;-41,39013705
2919405;Licínio de Almeida;-14,68196979;-42,50533633
2919504;Livramento de Nossa Senhora;-13,63925094;-41,83953792
2919553;Luís Eduardo Magalhães;-12,08702607;-45,79665963
2919603;Macajuba;-12,137633;-40,36030467
2919702;Macarani;-15,56378338;-40,42432752
2919801;Macaúbas;-13,01991438;-42,6923445
2919900;Macururé;-9,173004154;-39,0555756
2919926;Madre de Deus;-12,74337739;-38,6177523
2919959;Maetinga;-14,66337552;-41,49137641
2920007;Maiquinique;-15,62180181;-40,26573941
2920106;Mairi;-11,70600947;-40,14985338
2920205;Malhada;-14,33889417;-43,77307919
2920304;Malhada de Pedras;-14,38685443;-41,87939835
2920403;Manoel Vitorino;-14,15004966;-40,24136871
2920452;Mansidão;-10,71879519;-44,03509182
2920502;Maracás;-13,43909225;-40,43397501
2920601;Maragogipe;-12,77770706;-38,91786397
2920700;Maraú;-14,10655555;-39,01653786
2920809;Marcionílio Souza;-13,0030686;-40,53234492
2920908;Mascote;-15,56481507;-39,30212181
2921005;Mata de São João;-12,53363862;-38,29543067
2921054;Matina;-13,90994453;-42,84747061
2921104;Medeiros Neto;-17,37299281;-40,22358444
2921203;Miguel Calmon;-11,43123067;-40,59689909
2921302;Milagres;-12,86709072;-39,86155786
2921401;Mirangaba;-10,95425568;-40,57484992
2921450;Mirante;-14,24050322;-40,77314279
2921500;Monte Santo;-10,43703133;-39,32995077
2921609;Morpará;-11,56252853;-43,2777971
2921708;Morro do Chapéu;-11,5506068;-41,1580701
2921807;Mortugaba;-15,02263073;-42,36970699
2921906;Mucugê;-13,00966534;-41,37214205
2922003;Mucuri;-18,07912313;-39,54535136
2922052;Mulungu do Morro;-11,96411463;-41,64307535
2922102;Mundo Novo;-11,86598226;-40,47069851
2922201;Muniz Ferreira;-13,0019861;-39,10858734
2922250;Muquém do São Francisco;-12,06535735;-43,54924465
2922300;Muritiba;-12,62002384;-38,9903024
2922409;Mutuípe;-13,22771133;-39,50697665
2922508;Nazaré;-13,03362144;-39,01042431
2922607;Nilo Peçanha;-13,60083105;-39,10588617
2922656;Nordestina;-10,82621635;-39,43016458
2922706;Nova Canaã;-14,79500964;-40,14434337
2922730;Nova Fátima;-11,60823759;-39,63016149
2922755;Nova Ibiá;-13,81103346;-39,62559449
2922805;Nova Itarana;-13,02693156;-40,06833416
2922854;Nova Redenção;-12,81666555;-41,06864104
2922904;Nova Soure;-11,23791793;-38,47802969
2923001;Nova Viçosa;-17,90250967;-39,381613
2923035;Novo Horizonte;-12,80941983;-42,1684031
2923050;Novo Triunfo;-10,33462844;-38,4210139
2923100;Olindina;-11,35915117;-38,32655791
2923209;Oliveira dos Brejinhos;-12,31767869;-42,88987623
2923308;Ouriçangas;-12,01167818;-38,62950904
2923357;Ourolândia;-10,97032845;-41,0812041
2923407;Palmas de Monte Alto;-14,26326187;-43,16618446
2923506;Palmeiras;-12,51408259;-41,5789627
2923605;Paramirim;-13,44453548;-42,24247976
2923704;Paratinga;-12,68892234;-43,18218601
2923803;Paripiranga;-10,68295729;-37,86123151
2923902;Pau Brasil;-15,46320673;-39,65187966
2924009;Paulo Afonso;-9,398222865;-38,22166219
2924058;Pé de Serra;-11,83288629;-39,61157886
2924108;Pedrão;-12,14561715;-38,64283529
2924207;Pedro Alexandre;-10,01350626;-37,89393937
2924306;Piatã;-13,15258066;-41,77044626
2924405;Pilão Arcado;-9,996991802;-42,48207424
2924504;Pindaí;-14,49126405;-42,68710954
2924603;Pindobaçu;-10,74497038;-40,36619531
2924652;Pintadas;-11,81222786;-39,90868839
2924678;Piraí do Norte;-13,76040817;-39,37727012
2924702;Piripá;-14,94158244;-41,71674808
2924801;Piritiba;-11,73078656;-40,55483191
2924900;Planaltino;-13,25905233;-40,36952131
2925006;Planalto;-14,66802506;-40,47465535
2925105;Poções;-14,52522445;-40,3675929
2925204;Pojuca;-12,43136134;-38,32903464
2925253;Ponto Novo;-10,86184377;-40,13346191
2925303;Porto Seguro;-16,44359798;-39,06607788
2925402;Potiraguá;-15,59319773;-39,87434128
2925501;Prado;-17,32570665;-39,22765975
2925600;Presidente Dutra;-11,29570121;-41,98898139
2925709;Presidente Jânio Quadros;-14,68671241;-41,67714313
2925758;Presidente Tancredo Neves;-13,45360634;-39,42289359
2925808;Queimadas;-10,97738205;-39,62650587
2925907;Quijingue;-10,75333064;-39,20958132
2925931;Quixabeira;-11,41077706;-40,1262515
2925956;Rafael Jambeiro;-12,40901157;-39,49905538
2926004;Remanso;-9,627600232;-42,08604275
2926103;Retirolândia;-11,49349065;-39,42832721
2926202;Riachão das Neves;-11,74897933;-44,91223424
2926301;Riachão do Jacuípe;-11,8067066;-39,38412753
2926400;Riacho de Santana;-13,61302743;-42,93641624
2926509;Ribeira do Amparo;-11,04077084;-38,43004259
2926608;Ribeira do Pombal;-10,83762341;-38,54070431
2926657;Ribeirão do Largo;-15,45914068;-40,74135987
2926707;Rio de Contas;-13,57959272;-41,81074263
2926806;Rio do Antônio;-14,40947623;-42,07486216
2926905;Rio do Pires;-13,12596428;-42,29206507
2927002;Rio Real;-11,48916128;-37,93160303
2927101;Rodelas;-8,848245781;-38,76753044
2927200;Ruy Barbosa;-12,28627508;-40,50605985
2927309;Salinas da Margarida;-12,8758558;-38,75825715
2927408;Salvador;-12,97177203;-38,50108322
2927507;Santa Bárbara;-11,95271244;-38,97478978
2927606;Santa Brígida;-9,735032833;-38,12886106
2927705;Santa Cruz Cabrália;-16,33582713;-39,01179017
2927804;Santa Cruz da Vitória;-14,96107809;-39,81007739
2927903;Santa Inês;-13,29538101;-39,821504
2928000;Santaluz;-11,25372562;-39,37609613
2928059;Santa Luzia;-15,43122509;-39,33205676
2928109;Santa Maria da Vitória;-13,39060596;-44,19706065
2928208;Santana;-12,98171259;-44,0505561
2928307;Santanópolis;-12,02513218;-38,86586389
2928406;Santa Rita de Cássia;-10,99614696;-44,52141763
2928505;Santa Terezinha;-12,76959317;-39,52273673
2928604;Santo Amaro;-12,54845363;-38,70604452
2928703;Santo Antônio de Jesus;-12,97144426;-39,26287728
2928802;Santo Estêvão;-12,43646823;-39,2512101
2928901;São Desidério;-12,36145428;-44,97464746
2928950;São Domingos;-11,46343422;-39,52814195
2929008;São Félix;-12,60811006;-38,96992891
2929057;São Félix do Coribe;-13,40547641;-44,1941976
2929107;São Felipe;-12,84554254;-39,08713767
2929206;São Francisco do Conde;-12,62646383;-38,67645453
2929255;São Gabriel;-11,22739754;-41,87978279
2929305;São Gonçalo dos Campos;-12,43523361;-38,94950322
2929354;São José da Vitória;-15,08068011;-39,33841147
2929370;São José do Jacuípe;-11,42366728;-39,88465645
2929404;São Miguel das Matas;-13,04245779;-39,46032616
2929503;São Sebastião do Passé;-12,51961471;-38,48716411
2929602;Sapeaçu;-12,72978227;-39,18704672
2929701;Sátiro Dias;-11,60397262;-38,58139695
2929750;Saubara;-12,7398265;-38,76699871
2929800;Saúde;-10,9411491;-40,42047982
2929909;Seabra;-12,41872418;-41,776724
2930006;Sebastião Laranjeiras;-14,57184686;-42,9427249
2930105;Senhor do Bonfim;-10,456142;-40,18712063
2930154;Serra do Ramalho;-13,54209625;-43,57731175
2930204;Sento Sé;-9,741966315;-41,88340008
2930303;Serra Dourada;-12,7618068;-43,95049117
2930402;Serra Preta;-12,15975428;-39,33202362
2930501;Serrinha;-11,66056421;-39,00622435
2930600;Serrolândia;-11,41658807;-40,30106636
2930709;Simões Filho;-12,8006742;-38,39709082
2930758;Sítio do Mato;-13,08536823;-43,46821734
2930766;Sítio do Quinto;-10,36849831;-38,20461453
2930774;Sobradinho;-9,468668004;-40,79455451
2930808;Souto Soares;-12,09045864;-41,65090639
2930907;Tabocas do Brejo Velho;-12,70266811;-44,00868919
2931004;Tanhaçu;-14,02119565;-41,24596842
2931053;Tanque Novo;-13,54759698;-42,49083944
2931103;Tanquinho;-11,97505965;-39,10485627
2931202;Taperoá;-13,53915672;-39,10053187
2931301;Tapiramutá;-11,84825397;-40,79091882
2931350;Teixeira de Freitas;-17,53920018;-39,73807364
2931400;Teodoro Sampaio;-12,30257343;-38,6401954
2931509;Teofilândia;-11,47902381;-38,99716103
2931608;Teolândia;-13,5994371;-39,4924856
2931707;Terra Nova;-12,40392844;-38,62035715
2931806;Tremedal;-14,97641554;-41,4104099
2931905;Tucano;-10,96047424;-38,7874646
2932002;Uauá;-9,842135199;-39,47958192
2932101;Ubaíra;-13,26852314;-39,66275334
2932200;Ubaitaba;-14,31338054;-39,32215556
2932309;Ubatã;-14,21574707;-39,51808891
2932408;Uibaí;-11,33463493;-42,1321416
2932457;Umburanas;-10,73085284;-41,32638139
2932507;Una;-15,2937117;-39,07498989
2932606;Urandi;-14,76905242;-42,6576713
2932705;Uruçuca;-14,59107393;-39,28510643
2932804;Utinga;-12,07602385;-41,09026643
2932903;Valença;-13,36772347;-39,06824559
2933000;Valente;-11,41334307;-39,46535014
2933059;Várzea da Roça;-11,60698171;-40,13867029
2933109;Várzea do Poço;-11,52734728;-40,3187175
2933158;Várzea Nova;-11,25815984;-40,94429293
2933174;Varzedo;-12,97551761;-39,39517626
2933208;Vera Cruz;-12,96251652;-38,60734343
2933257;Vereda;-17,22309425;-40,08501448
2933307;Vitória da Conquista;-14,85507407;-40,84524544
2933406;Wagner;-12,27911999;-41,16684419
2933455;Wanderley;-12,11919271;-43,89125101
2933505;Wenceslau Guimarães;-13,68689455;-39,47855113
2933604;Xique-Xique;-10,82485816;-42,72274825
3100104;Abadia dos Dourados;-18,48639005;-47,40174904
3100203;Abaeté;-19,15632151;-45,44626894
3100302;Abre Campo;-20,30081609;-42,47590393
3100401;Acaiaca;-20,3625535;-43,14292725
3100500;Açucena;-19,07299994;-42,54600211
3100609;Água Boa;-17,99477899;-42,39091002
3100708;Água Comprida;-20,056;-48,10900002
3100807;Aguanil;-20,943;-45,393
3100906;Águas Formosas;-17,08272806;-40,93630675
3101003;Águas Vermelhas;-15,7466148;-41,45838988
3101102;Aimorés;-19,4926797;-41,06792732
3101201;Aiuruoca;-21,9788071;-44,60592122
3101300;Alagoa;-22,17122214;-44,64259584
3101409;Albertina;-22,20099999;-46,61600008
3101508;Além Paraíba;-21,88033999;-42,69373447
3101607;Alfenas;-21,429;-45,947
3101631;Alfredo Vasconcelos;-21,14563917;-43,76563034
3101706;Almenara;-16,17671741;-40,69382067
3101805;Alpercata;-18,99059462;-41,99026153
3101904;Alpinópolis;-20,864;-46,388
3102001;Alterosa;-21,249;-46,143
3102050;Alto Caparaó;-20,44316862;-41,86953967
3102100;Alto Rio Doce;-21,02000019;-43,41160655
3102209;Alvarenga;-19,41641423;-41,72712473
3102308;Alvinópolis;-20,11079965;-43,05647783
3102407;Alvorada de Minas;-18,73324158;-43,36595646
3102506;Amparo do Serra;-20,50794415;-42,80104493
3102605;Andradas;-22,06799999;-46,56900008
3102704;Cachoeira de Pajeú;-15,96723879;-41,49662163
3102803;Andrelândia;-21,73756826;-44,30926402
3102852;Angelândia;-17,7259999;-42,27300251
3102902;Antônio Carlos;-21,32010252;-43,75049416
3103009;Antônio Dias;-19,65293887;-42,86931156
3103108;Antônio Prado de Minas;-21,01655135;-42,11011636
3103207;Araçaí;-19,199;-44,248
3103306;Aracitaba;-21,3392842;-43,37979987
3103405;Araçuaí;-16,85082699;-42,06401503
3103504;Araguari;-18,649;-48,18700002
3103603;Arantina;-21,91529751;-44,25273374
3103702;Araponga;-20,66742765;-42,521447
3103751;Araporã;-18,437;-49,18700001
3103801;Arapuá;-19,03580263;-46,15310952
3103900;Araújos;-19,947048;-45,16621181
3104007;Araxá;-19,58500629;-46,94163007
3104106;Arceburgo;-21,36615831;-46,93936428
3104205;Arcos;-20,282;-45,539
3104304;Areado;-21,359;-46,146
3104403;Argirita;-21,6120754;-42,83543515
3104452;Aricanduva;-17,86699991;-42,55700209
3104502;Arinos;-15,91089614;-46,10814934
3104601;Astolfo Dutra;-21,30955625;-42,86156504
3104700;Ataléia;-18,04338776;-41,11147151
3104809;Augusto de Lima;-18,109;-44,267
3104908;Baependi;-21,96185783;-44,89182929
3105004;Baldim;-19,288;-43,957
3105103;Bambuí;-20,006;-45,977
3105202;Bandeira;-15,88575567;-40,55995645
3105301;Bandeira do Sul;-21,728;-46,386
3105400;Barão de Cocais;-19,94599996;-43,48700111
3105509;Barão de Monte Alto;-21,24522521;-42,23670406
3105608;Barbacena;-21,21581416;-43,76915838
3105707;Barra Longa;-20,28332974;-43,04168828
3105905;Barroso;-21,18839869;-43,97305887
3106002;Bela Vista de Minas;-19,82999996;-43,09100147
3106101;Belmiro Braga;-21,95029;-43,41671552
3106200;Belo Horizonte;-19,8910531;-43,9514006
3106309;Belo Oriente;-19,2207167;-42,48715689
3106408;Belo Vale;-20,40788781;-44,0241766
3106507;Berilo;-16,95224766;-42,46452627
3106606;Bertópolis;-17,06117525;-40,57496478
3106655;Berizal;-15,61314945;-41,7426826
3106705;Betim;-19,968;-44,198
3106804;Bias Fortes;-21,6041112;-43,75723521
3106903;Bicas;-21,71985359;-43,0670416
3107000;Biquinhas;-18,78191534;-45,5049665
3107109;Boa Esperança;-21,09;-45,566
3107208;Bocaina de Minas;-22,16960847;-44,39730576
3107307;Bocaiúva;-17,108;-43,815
3107406;Bom Despacho;-19,74044394;-45,25603405
3107505;Bom Jardim de Minas;-21,94900828;-44,18783699
3107604;Bom Jesus da Penha;-21,017;-46,523
3107703;Bom Jesus do Amparo;-19,70673139;-43,47437201
3107802;Bom Jesus do Galho;-19,82899997;-42,31600249
3107901;Bom Repouso;-22,4711111;-46,14500013
3108008;Bom Sucesso;-21,03090993;-44,75691654
3108107;Bonfim;-20,32685663;-44,23899924
3108206;Bonfinópolis de Minas;-16,56596042;-45,98810668
3108255;Bonito de Minas;-15,32142133;-44,75724912
3108305;Borda da Mata;-22,27416666;-46,16527791
3108404;Botelhos;-21,64513757;-46,39612965
3108503;Botumirim;-16,86498644;-43,00968682
3108552;Brasilândia de Minas;-16,99764417;-46,01238342
3108602;Brasília de Minas;-16,21190968;-44,42802597
3108701;Brás Pires;-20,84840738;-43,24516622
3108800;Braúnas;-19,05599994;-42,71600188
3108909;Brazópolis;-22,4736111;-45,60750021
3109006;Brumadinho;-20,14310593;-44,20006436
3109105;Bueno Brandão;-22,44099999;-46,35100011
3109204;Buenópolis;-17,873;-44,18
3109253;Bugre;-19,42446948;-42,25622121
3109303;Buritis;-15,621802;-46,422078
3109402;Buritizeiro;-17,351;-44,962
3109451;Cabeceira Grande;-16,02705005;-47,08789989
3109501;Cabo Verde;-21,472;-46,396
3109600;Cachoeira da Prata;-19,525;-44,454
3109709;Cachoeira de Minas;-22,35499999;-45,77900018
3109808;Cachoeira Dourada;-18,515;-49,501
3109907;Caetanópolis;-19,29920797;-44,41330618
3110004;Caeté;-19,88;-43,67
3110103;Caiana;-20,69528231;-41,92345816
3110202;Cajuri;-20,78669626;-42,79158704
3110301;Caldas;-21,924;-46,386
3110400;Camacho;-20,625;-45,157
3110509;Camanducaia;-22,75527777;-46,14472235
3110608;Cambuí;-22,61222221;-46,05750014
3110707;Cambuquira;-21,852;-45,296
3110806;Campanário;-18,23869734;-41,72677686
3110905;Campanha;-21,836;-45,401
3111002;Campestre;-21,711;-46,246
3111101;Campina Verde;-19,536;-49,486
3111150;Campo Azul;-16,50600216;-44,81140235
3111200;Campo Belo;-20,897;-45,277
3111309;Campo do Meio;-21,107;-45,83
3111408;Campo Florido;-19,761;-48,57200001
3111507;Campos Altos;-19,69608585;-46,17140378
3111606;Campos Gerais;-21,235;-45,759
3111705;Canaã;-20,68591288;-42,62056697
3111804;Canápolis;-18,725;-49,20400001
3111903;Cana Verde;-21,021;-45,182
3112000;Candeias;-20,767;-45,276
3112059;Cantagalo;-18,52648248;-42,62623556
3112109;Caparaó;-20,52324181;-41,90576021
3112208;Capela Nova;-20,92294888;-43,61802343
3112307;Capelinha;-17,69099991;-42,51600215
3112406;Capetinga;-20,61599999;-47,05400005
3112505;Capim Branco;-19,54554647;-44,13334114
3112604;Capinópolis;-18,682;-49,57
3112653;Capitão Andrade;-19,07078027;-41,86150494
3112703;Capitão Enéas;-16,32236567;-43,71564695
3112802;Capitólio;-20,615;-46,05
3112901;Caputira;-20,17290126;-42,26842663
3113008;Caraí;-17,1859483;-41,69587748
3113107;Caranaíba;-20,87595364;-43,73904925
3113206;Carandaí;-20,95383096;-43,80610674
3113305;Carangola;-20,73380268;-42,02835666
3113404;Caratinga;-19,78999997;-42,13900279
3113503;Carbonita;-17,52699992;-43,01600154
3113602;Careaçu;-22,04305555;-45,69916686
3113701;Carlos Chagas;-17,70397884;-40,7669471
3113800;Carmésia;-19,08490749;-43,13856528
3113909;Carmo da Cachoeira;-21,461;-45,224
3114006;Carmo da Mata;-20,55801502;-44,87114221
3114105;Carmo de Minas;-22,12222221;-45,12916699
3114204;Carmo do Cajuru;-20,18708042;-44,77026276
3114303;Carmo do Paranaíba;-18,99790301;-46,31344157
3114402;Carmo do Rio Claro;-20,972;-46,119
3114501;Carmópolis de Minas;-20,54101221;-44,63497681
3114550;Carneirinho;-19,698;-50,688
3114600;Carrancas;-21,48811098;-44,64405366
3114709;Carvalhópolis;-21,778;-45,841
3114808;Carvalhos;-21,99994314;-44,46248642
3114907;Casa Grande;-20,79301172;-43,9300799
3115003;Cascalho Rico;-18,57848235;-47,8760428
3115102;Cássia;-20,58299999;-46,92200006
3115201;Conceição da Barra de Minas;-21,12785606;-44,47426917
3115300;Cataguases;-21,39047839;-42,69531813
3115359;Catas Altas;-20,07413794;-43,40791983
3115409;Catas Altas da Noruega;-20,6893195;-43,49852853
3115458;Catuji;-17,30055593;-41,52090553
3115474;Catuti;-15,36115032;-42,96268723
3115508;Caxambu;-21,97962269;-44,93070544
3115607;Cedro do Abaeté;-19,14792334;-45,71260531
3115706;Central de Minas;-18,76258487;-41,30641163
3115805;Centralina;-18,584;-49,19900001
3115904;Chácara;-21,67267;-43,22026786
3116001;Chalé;-20,04581795;-41,68766007
3116100;Chapada do Norte;-17,08699989;-42,53500213
3116159;Chapada Gaúcha;-15,2981311;-45,62423121
3116209;Chiador;-22,00348287;-43,05606347
3116308;Cipotânea;-20,90398711;-43,36587889
3116407;Claraval;-20,40003659;-47,28576865
3116506;Claro dos Poções;-17,08;-44,209
3116605;Cláudio;-20,44309494;-44,76587989
3116704;Coimbra;-20,85869592;-42,802393
3116803;Coluna;-18,23165522;-42,83993377
3116902;Comendador Gomes;-19,698;-49,08100001
3117009;Comercinho;-16,29808399;-41,79552508
3117108;Conceição da Aparecida;-21,094;-46,204
3117207;Conceição das Pedras;-22,15999999;-45,45472246
3117306;Conceição das Alagoas;-19,92275254;-48,37679205
3117405;Conceição de Ipanema;-19,93009201;-41,69317544
3117504;Conceição do Mato Dentro;-19,03699995;-43,42500116
3117603;Conceição do Pará;-19,753;-44,897
3117702;Conceição do Rio Verde;-21,881;-45,085
3117801;Conceição dos Ouros;-22,41305555;-45,79805574
3117836;Cônego Marinho;-15,29870413;-44,41292582
3117876;Confins;-19,633;-43,983
3117900;Congonhal;-22,15277777;-46,03944458
3118007;Congonhas;-20,50002022;-43,8580422
3118106;Congonhas do Norte;-18,807;-43,681
3118205;Conquista;-19,93674871;-47,54492323
3118304;Conselheiro Lafaiete;-20,66010841;-43,78642984
3118403;Conselheiro Pena;-19,17441774;-41,47084143
3118502;Consolação;-22,55138888;-45,92111127
3118601;Contagem;-19,932;-44,054
3118700;Coqueiral;-21,189;-45,441
3118809;Coração de Jesus;-16,68694397;-44,36083568
3118908;Cordisburgo;-19,125;-44,321
3119005;Cordislândia;-21,793;-45,701
3119104;Corinto;-18,3801057;-44,45724203
3119203;Coroaci;-18,62199993;-42,28600249
3119302;Coromandel;-18,4830256;-47,19573142
3119401;Coronel Fabriciano;-19,51899995;-42,62900201
3119500;Coronel Murta;-16,6170193;-42,18645138
3119609;Coronel Pacheco;-21,5874746;-43,26162596
3119708;Coronel Xavier Chaves;-21,02385045;-44,22326846
3119807;Córrego Danta;-19,82423811;-45,90599728
3119906;Córrego do Bom Jesus;-22,63027777;-46,02000029
3119955;Córrego Fundo;-20,449;-45,555
3120003;Córrego Novo;-19,83187335;-42,40225273
3120102;Couto de Magalhães de Minas;-18,07534399;-43,47215102
3120151;Crisólita;-17,23761766;-40,91187508
3120201;Cristais;-20,876;-45,519
3120300;Cristália;-16,71794831;-42,86441385
3120409;Cristiano Otoni;-20,83123865;-43,80540812
3120508;Cristina;-22,21199999;-45,26400029
3120607;Crucilândia;-20,39511688;-44,33778819
3120706;Cruzeiro da Fortaleza;-18,94611012;-46,67288617
3120805;Cruzília;-21,83831134;-44,80977029
3120839;Cuparaque;-18,96884733;-41,09844421
3120870;Curral de Dentro;-15,93561798;-41,85532284
3120904;Curvelo;-18,756;-44,431
3121001;Datas;-18,44770943;-43,65922665
3121100;Delfim Moreira;-22,50916666;-45,28000029
3121209;Delfinópolis;-20,34399999;-46,85400013
3121258;Delta;-19,97407244;-47,77461631
3121308;Descoberto;-21,45816638;-42,96635162
3121407;Desterro de Entre Rios;-20,6600091;-44,332934
3121506;Desterro do Melo;-21,14573476;-43,51865821
3121605;Diamantina;-18,249;-43,6
3121704;Diogo de Vasconcelos;-20,48657482;-43,19812276
3121803;Dionísio;-19,84299992;-42,77700365
3121902;Divinésia;-20,99042885;-43,00364278
3122009;Divino;-20,60801246;-42,1439394
3122108;Divino das Laranjeiras;-18,77606676;-41,48124153
3122207;Divinolândia de Minas;-18,80234441;-42,61373362
3122306;Divinópolis;-20,1387005;-44,88423073
3122355;Divisa Alegre;-15,72261578;-41,34472296
3122405;Divisa Nova;-21,511;-46,196
3122454;Divisópolis;-15,72367755;-41,00169054
3122470;Dom Bosco;-16,65206623;-46,26523288
3122504;Dom Cavati;-19,37501243;-42,10682729
3122603;Dom Joaquim;-18,96699995;-43,2560013
3122702;Dom Silvério;-20,16037217;-42,96664971
3122801;Dom Viçoso;-22,25444443;-45,16111142
3122900;Dona Euzébia;-21,31764678;-42,81169557
3123007;Dores de Campos;-21,10917504;-44,02522304
3123106;Dores de Guanhães;-19,05799994;-42,92900163
3123205;Dores do Indaiá;-19,46459692;-45,60011074
3123304;Dores do Turvo;-20,97426383;-43,18979554
3123403;Doresópolis;-20,287;-45,903
3123502;Douradoquara;-18,43351153;-47,60914301
3123528;Durandé;-20,20245366;-41,7949632
3123601;Elói Mendes;-21,61;-45,565
3123700;Engenheiro Caldas;-19,19953005;-42,04668748
3123809;Engenheiro Navarro;-17,28487967;-43,94992594
3123858;Entre Folhas;-19,62499996;-42,23100262
3123908;Entre Rios de Minas;-20,67105606;-44,06594863
3124005;Ervália;-20,84123212;-42,65566702
3124104;Esmeraldas;-19,763858;-44,31387743
3124203;Espera Feliz;-20,64660652;-41,91231712
3124302;Espinosa;-14,92547079;-42,81275189
3124401;Espírito Santo do Dourado;-22,04638888;-45,95083348
3124500;Estiva;-22,46277777;-46,01722237
3124609;Estrela Dalva;-21,74156948;-42,46185908
3124708;Estrela do Indaiá;-19,52293808;-45,78802657
3124807;Estrela do Sul;-18,74856141;-47,69021082
3124906;Eugenópolis;-21,09651907;-42,18434265
3125002;Ewbank da Câmara;-21,54997675;-43,50736575
3125101;Extrema;-22,85472221;-46,31833344
3125200;Fama;-21,406;-45,829
3125309;Faria Lemos;-20,80622096;-42,01310219
3125408;Felício dos Santos;-18,07724458;-43,24651202
3125507;São Gonçalo do Rio Preto;-18,00313882;-43,38007582
3125606;Felisburgo;-16,63813762;-40,76084437
3125705;Felixlândia;-18,758;-44,899
3125804;Fernandes Tourinho;-19,15248685;-42,08026581
3125903;Ferros;-19,23042693;-43,01987431
3125952;Fervedouro;-20,73102964;-42,28127355
3126000;Florestal;-19,889;-44,433
3126109;Formiga;-20,464;-45,426
3126208;Formoso;-14,95315454;-46,23239342
3126307;Fortaleza de Minas;-20,84914108;-46,71177961
3126406;Fortuna de Minas;-19,561;-44,447
3126505;Francisco Badaró;-16,99213677;-42,35427424
3126604;Francisco Dumont;-17,315;-44,234
3126703;Francisco Sá;-16,47946284;-43,49444214
3126752;Franciscópolis;-17,95999991;-42,00900297
3126802;Frei Gaspar;-18,0665557;-41,42811297
3126901;Frei Inocêncio;-18,56540665;-41,90486071
3126950;Frei Lagonegro;-18,16780637;-42,76619537
3127008;Fronteira;-20,28316826;-49,20119485
3127057;Fronteira dos Vales;-16,89011506;-40,92499441
3127073;Fruta de Leite;-16,11713557;-42,52810594
3127107;Frutal;-20,025;-48,94100001
3127206;Funilândia;-19,368;-44,056
3127305;Galiléia;-18,99919169;-41,53949054
3127339;Gameleiras;-15,08380943;-43,12032012
3127354;Glaucilândia;-16,85036313;-43,69720784
3127370;Goiabeira;-18,98200736;-41,22120315
3127388;Goianá;-21,53576572;-43,20136763
3127404;Gonçalves;-22,65899999;-45,85600017
3127503;Gonzaga;-18,81777121;-42,48169124
3127602;Gouveia;-18,454;-43,741
3127701;Governador Valadares;-18,86934415;-41,95441351
3127800;Grão Mogol;-16,56375924;-42,89522787
3127909;Grupiara;-18,49552944;-47,7233092
3128006;Guanhães;-18,77499994;-42,93300162
3128105;Guapé;-20,762;-45,918
3128204;Guaraciaba;-20,57175346;-43,00749262
3128253;Guaraciama;-17,014;-43,673
3128303;Guaranésia;-21,299;-46,803
3128402;Guarani;-21,35847226;-43,04919532
3128501;Guarará;-21,72607214;-43,0384547
3128600;Guarda-Mor;-17,77031236;-47,09639279
3128709;Guaxupé;-21,305;-46,713
3128808;Guidoval;-21,15417976;-42,79712014
3128907;Guimarânia;-18,84471212;-46,79708084
3129004;Guiricema;-21,0081048;-42,71883472
3129103;Gurinhatã;-19,213;-49,786
3129202;Heliodora;-22,06722221;-45,54222244
3129301;Iapu;-19,43568688;-42,21325695
3129400;Ibertioga;-21,43199603;-43,96315499
3129509;Ibiá;-19,48897929;-46,54742805
3129608;Ibiaí;-16,85790713;-44,90924825
3129657;Ibiracatu;-15,66695227;-44,16412062
3129707;Ibiraci;-20,46199999;-47,12200005
3129806;Ibirité;-20,02192537;-44,05888875
3129905;Ibitiúra de Minas;-22,06099999;-46,44000019
3130002;Ibituruna;-21,1522836;-44,74930501
3130051;Icaraí de Minas;-16,21944619;-44,90458125
3130101;Igarapé;-20,06972125;-44,301864
3130200;Igaratinga;-19,955;-44,709
3130309;Iguatama;-20,174;-45,711
3130408;Ijaci;-21,17647852;-44,919998
3130507;Ilicínea;-20,936;-45,833
3130556;Imbé de Minas;-19,59725096;-41,96969866
3130606;Inconfidentes;-22,31699999;-46,32800011
3130655;Indaiabira;-15,49233122;-42,19776588
3130705;Indianópolis;-19,03734823;-47,91853175
3130804;Ingaí;-21,40166085;-44,91876724
3130903;Inhapim;-19,54899996;-42,12000281
3131000;Inhaúma;-19,491;-44,39
3131109;Inimutaba;-18,729;-44,361
3131158;Ipaba;-19,41399995;-42,41900231
3131208;Ipanema;-19,79983463;-41,71486348
3131307;Ipatinga;-19,46799995;-42,53700213
3131406;Ipiaçu;-18,692;-49,943
3131505;Ipuiúna;-22,09888888;-46,18972234
3131604;Iraí de Minas;-18,9871627;-47,46295809
3131703;Itabira;-19,61899996;-43,22700133
3131802;Itabirinha;-18,56544598;-41,23313799
3131901;Itabirito;-20,25302965;-43,80083596
3132008;Itacambira;-17,06796229;-43,31446552
3132107;Itacarambi;-15,09634277;-44,09830684
3132206;Itaguara;-20,39201814;-44,4882253
3132305;Itaipé;-17,4002298;-41,66928305
3132404;Itajubá;-22,42555555;-45,45277802
3132503;Itamarandiba;-17,85699992;-42,85900171
3132602;Itamarati de Minas;-21,41696336;-42,81687248
3132701;Itambacuri;-18,03443248;-41,67859386
3132800;Itambé do Mato Dentro;-19,41593103;-43,3222828
3132909;Itamogi;-21,07695612;-47,04996343
3133006;Itamonte;-22,28136369;-44,87039419
3133105;Itanhandu;-22,29798518;-44,93660693
3133204;Itanhomi;-19,16928464;-41,86145137
3133303;Itaobim;-16,56092488;-41,50280789
3133402;Itapagipe;-19,90227826;-49,3671621
3133501;Itapecerica;-20,473;-45,126
3133600;Itapeva;-22,76805555;-46,22083345
3133709;Itatiaiuçu;-20,19704516;-44,42097902
3133758;Itaú de Minas;-20,73899999;-46,75200007
3133808;Itaúna;-20,07886685;-44,58367755
3133907;Itaverava;-20,67790246;-43,60997003
3134004;Itinga;-16,60820347;-41,76987548
3134103;Itueta;-19,39446457;-41,2254319
3134202;Ituiutaba;-18,98320648;-49,45986663
3134301;Itumirim;-21,31785657;-44,86922197
3134400;Iturama;-19,728;-50,196
3134509;Itutinga;-21,2972864;-44,6567588
3134608;Jaboticatubas;-19,52205969;-43,74538146
3134707;Jacinto;-16,14821777;-40,29687374
3134806;Jacuí;-21,017;-46,741
3134905;Jacutinga;-22,28599999;-46,61200008
3135001;Jaguaraçu;-19,64810603;-42,75114707
3135050;Jaíba;-15,35249812;-43,66737839
3135076;Jampruca;-18,46159857;-41,81016925
3135100;Janaúba;-15,80237928;-43,31065688
3135209;Januária;-15,48050328;-44,36489006
3135308;Japaraíba;-20,141;-45,503
3135357;Japonvar;-15,99839826;-44,27558429
3135407;Jeceaba;-20,5349796;-43,98298313
3135456;Jenipapo de Minas;-17,08299989;-42,25800254
3135506;Jequeri;-20,45483971;-42,66661334
3135605;Jequitaí;-17,23305989;-44,437521
3135704;Jequitibá;-19,236;-44,028
3135803;Jequitinhonha;-16,43717767;-41,00542746
3135902;Jesuânia;-21,998;-45,291
3136009;Joaíma;-16,65561274;-41,02487018
3136108;Joanésia;-19,17500751;-42,68106019
3136207;João Monlevade;-19,80999996;-43,17400139
3136306;João Pinheiro;-17,74183462;-46,17601047
3136405;Joaquim Felício;-17,758;-44,172
3136504;Jordânia;-15,89873082;-40,179049
3136520;José Gonçalves de Minas;-16,90862223;-42,60463734
3136553;José Raydan;-18,21823199;-42,4962732
3136579;Josenópolis;-16,54299302;-42,51557718
3136603;Nova União;-19,69;-43,58
3136652;Juatuba;-19,952;-44,343
3136702;Juiz de Fora;-21,75697768;-43,35967163
3136801;Juramento;-16,84879797;-43,58675855
3136900;Juruaia;-21,253;-46,577
3136959;Juvenília;-14,2707575;-44,15796273
3137007;Ladainha;-17,62873702;-41,73881303
3137106;Lagamar;-18,17771205;-46,80358079
3137205;Lagoa da Prata;-20,023;-45,544
3137304;Lagoa dos Patos;-16,98249595;-44,57918361
3137403;Lagoa Dourada;-20,91382714;-44,0780407
3137502;Lagoa Formosa;-18,77535724;-46,40386648
3137536;Lagoa Grande;-17,84357184;-46,5187505
3137601;Lagoa Santa;-19,627;-43,89
3137700;Lajinha;-20,15014905;-41,61920603
3137809;Lambari;-21,976;-45,35
3137908;Lamim;-20,78999801;-43,47196527
3138005;Laranjal;-21,36464693;-42,47814389
3138104;Lassance;-17,887;-44,578
3138203;Lavras;-21,24375478;-44,9882783
3138302;Leandro Ferreira;-19,71653569;-45,02403049
3138351;Leme do Prado;-17,08141616;-42,6919775
3138401;Leopoldina;-21,52881933;-42,64172809
3138500;Liberdade;-22,0243587;-44,31514094
3138609;Lima Duarte;-21,84461481;-43,80120576
3138625;Limeira do Oeste;-19,551;-50,581
3138658;Lontra;-15,90519462;-44,29736411
3138674;Luisburgo;-20,43904009;-42,10246404
3138682;Luislândia;-16,11707811;-44,58575241
3138708;Luminárias;-21,51087629;-44,90314954
3138807;Luz;-19,79269779;-45,68113693
3138906;Machacalis;-17,07711855;-40,71919249
3139003;Machado;-21,675;-45,92
3139102;Madre de Deus de Minas;-21,48186718;-44,32982949
3139201;Malacacheta;-17,8419999;-42,07700284
3139250;Mamonas;-15,04830298;-42,95180884
3139300;Manga;-14,75340763;-43,93660963
3139409;Manhuaçu;-20,25718964;-42,03371549
3139508;Manhumirim;-20,35574789;-41,95628992
3139607;Mantena;-18,77828221;-40,98189063
3139706;Maravilhas;-19,516;-44,676
3139805;Mar de Espanha;-21,86197428;-43,0081533
3139904;Maria da Fé;-22,30805555;-45,37527804
3140001;Mariana;-20,37792136;-43,4185234
3140100;Marilac;-18,50799992;-42,08400284
3140159;Mário Campos;-20,05595219;-44,18810944
3140209;Maripá de Minas;-21,69601039;-42,96279403
3140308;Marliéria;-19,7120371;-42,73347435
3140407;Marmelópolis;-22,44916666;-45,16527809
3140506;Martinho Campos;-19,33241763;-45,23770453
3140530;Martins Soares;-20,25638768;-41,87630226
3140555;Mata Verde;-15,68810756;-40,73959391
3140605;Materlândia;-18,47399993;-43,06000149
3140704;Mateus Leme;-19,986;-44,428
3140803;Matias Barbosa;-21,87311098;-43,31932887
3140852;Matias Cardoso;-14,85292983;-43,92034258
3140902;Matipó;-20,28710763;-42,34210366
3141009;Mato Verde;-15,3953783;-42,86122369
3141108;Matozinhos;-19,558;-44,081
3141207;Matutina;-19,22241477;-45,96992887
3141306;Medeiros;-19,99521943;-46,22261495
3141405;Medina;-16,2275623;-41,4771578
3141504;Mendes Pimentel;-18,66003272;-41,4056545
3141603;Mercês;-21,1959037;-43,3421907
3141702;Mesquita;-19,22178645;-42,61081964
3141801;Minas Novas;-17,2189999;-42,59000205
3141900;Minduri;-21,6823305;-44,60179406
3142007;Mirabela;-16,25196432;-44,16264359
3142106;Miradouro;-20,89256608;-42,34425585
3142205;Miraí;-21,19695574;-42,61265857
3142254;Miravânia;-14,74885978;-44,41098636
3142304;Moeda;-20,33323145;-44,05420443
3142403;Moema;-19,84304888;-45,41140104
3142502;Monjolos;-18,325;-44,119
3142601;Monsenhor Paulo;-21,758;-45,541
3142700;Montalvânia;-14,42384743;-44,36998013
3142809;Monte Alegre de Minas;-18,871;-48,88100001
3142908;Monte Azul;-15,15486866;-42,87164918
3143005;Monte Belo;-21,326;-46,368
3143104;Monte Carmelo;-18,72103193;-47,49967616
3143153;Monte Formoso;-16,86806441;-41,2547125
3143203;Monte Santo de Minas;-21,19;-46,98
3143302;Montes Claros;-16,72665346;-43,86135418
3143401;Monte Sião;-22,43299999;-46,57300008
3143450;Montezuma;-15,17530349;-42,50098707
3143500;Morada Nova de Minas;-18,60337032;-45,35407309
3143609;Morro da Garça;-18,547;-44,603
3143708;Morro do Pilar;-19,21882881;-43,38121566
3143807;Munhoz;-22,61305555;-46,36055566
3143906;Muriaé;-21,13251203;-42,37468776
3144003;Mutum;-19,81769816;-41,44067334
3144102;Muzambinho;-21,376;-46,526
3144201;Nacip Raydan;-18,45899992;-42,24900255
3144300;Nanuque;-17,84332021;-40,35095229
3144359;Naque;-19,22581445;-42,3302657
3144375;Natalândia;-16,5059187;-46,49417205
3144409;Natércia;-22,11999999;-45,5116669
3144508;Nazareno;-21,21832558;-44,61649392
3144607;Nepomuceno;-21,236;-45,236
3144656;Ninheira;-15,32005003;-41,75568003
3144672;Nova Belém;-18,4922845;-41,1051396
3144706;Nova Era;-19,7648599;-43,03269031
3144805;Nova Lima;-19,986;-43,847
3144904;Nova Módica;-18,43905592;-41,4979477
3145000;Nova Ponte;-19,16726486;-47,67407562
3145059;Nova Porteirinha;-15,80267119;-43,30073427
3145109;Nova Resende;-21,13212216;-46,42621805
3145208;Nova Serrana;-19,876;-44,984
3145307;Novo Cruzeiro;-17,46696046;-41,87956047
3145356;Novo Oriente de Minas;-17,4129422;-41,21826866
3145372;Novorizonte;-16,01805965;-42,40807112
3145406;Olaria;-21,85977229;-43,93688947
3145455;Olhos-d'Água;-17,397;-43,573
3145505;Olímpio Noronha;-22,06799999;-45,26400029
3145604;Oliveira;-20,69597969;-44,82693175
3145703;Oliveira Fortes;-21,3386752;-43,45754576
3145802;Onça de Pitangui;-19,73;-44,807
3145851;Oratórios;-20,43192457;-42,80377285
3145877;Orizânia;-20,50504312;-42,20692362
3145901;Ouro Branco;-20,52098978;-43,6920085
3146008;Ouro Fino;-22,28305555;-46,36888899
3146107;Ouro Preto;-20,38842883;-43,50449195
3146206;Ouro Verde de Minas;-18,06999168;-41,27451557
3146255;Padre Carvalho;-16,36437998;-42,51670166
3146305;Padre Paraíso;-17,07277176;-41,4849454
3146404;Paineiras;-18,90474148;-45,53596202
3146503;Pains;-20,371;-45,661
3146552;Pai Pedro;-15,53135826;-43,06794586
3146602;Paiva;-21,28866467;-43,41773148
3146701;Palma;-21,37504617;-42,3143685
3146750;Palmópolis;-16,73635466;-40,42220631
3146909;Papagaios;-19,449;-44,748
3147006;Paracatu;-17,22018941;-46,87485025
3147105;Pará de Minas;-19,86;-44,608
3147204;Paraguaçu;-21,547;-45,738
3147303;Paraisópolis;-22,55416666;-45,78000018
3147402;Paraopeba;-19,274;-44,404
3147501;Passabém;-19,3517937;-43,1383845
3147600;Passa Quatro;-22,39064177;-44,96556611
3147709;Passa Tempo;-20,65095339;-44,49591411
3147808;Passa Vinte;-22,20927491;-44,23506798
3147907;Passos;-20,71899999;-46,61000008
3147956;Patis;-16,07963992;-44,08127695
3148004;Patos de Minas;-18,59119304;-46,52298084
3148103;Patrocínio;-18,94325015;-46,99122156
3148202;Patrocínio do Muriaé;-21,1537688;-42,21045787
3148301;Paula Cândido;-20,8722856;-42,98118204
3148400;Paulistas;-18,42699993;-42,8680017
3148509;Pavão;-17,4288889;-41,00067943
3148608;Peçanha;-18,54903416;-42,5587707
3148707;Pedra Azul;-16,00590848;-41,2817432
3148756;Pedra Bonita;-20,52126135;-42,32778775
3148806;Pedra do Anta;-20,59665841;-42,71587373
3148905;Pedra do Indaiá;-20,258;-45,209
3149002;Pedra Dourada;-20,83149276;-42,15588987
3149101;Pedralva;-22,24277776;-45,46583381
3149150;Pedras de Maria da Cruz;-15,60734805;-44,3932298
3149200;Pedrinópolis;-19,22817651;-47,46437516
3149309;Pedro Leopoldo;-19,618;-44,043
3149408;Pedro Teixeira;-21,70506351;-43,74730893
3149507;Pequeri;-21,8408249;-43,12161954
3149606;Pequi;-19,633;-44,659
3149705;Perdigão;-19,95362684;-45,07649722
3149804;Perdizes;-19,34915732;-47,29348195
3149903;Perdões;-21,091;-45,091
3149952;Periquito;-19,15630878;-42,24101287
3150000;Pescador;-18,35494944;-41,59709088
3150109;Piau;-21,50327682;-43,31621387
3150158;Piedade de Caratinga;-19,76020653;-42,07700347
3150208;Piedade de Ponte Nova;-20,24647802;-42,73797479
3150307;Piedade do Rio Grande;-21,46749727;-44,19429334
3150406;Piedade dos Gerais;-20,4708065;-44,22352692
3150505;Pimenta;-20,484;-45,799
3150539;Pingo-d'Água;-19,72699996;-42,40800234
3150570;Pintópolis;-16,05760062;-45,14553419
3150604;Piracema;-20,50852209;-44,47837408
3150703;Pirajuba;-19,907;-48,70100001
3150802;Piranga;-20,68640776;-43,29924719
3150901;Piranguçu;-22,52777777;-45,49527802
3151008;Piranguinho;-22,4011111;-45,5316669
3151107;Pirapetinga;-21,65558811;-42,34513296
3151206;Pirapora;-17,345;-44,942
3151305;Piraúba;-21,27246957;-43,02782332
3151404;Pitangui;-19,683;-44,89
3151503;Piumhi;-20,465;-45,958
3151602;Planura;-20,138;-48,70200001
3151701;Poço Fundo;-21,781;-45,965
3151800;Poços de Caldas;-21,788;-46,561
3151909;Pocrane;-19,62029144;-41,63532372
3152006;Pompéu;-19,22549479;-44,99218446
3152105;Ponte Nova;-20,406435;-42,89866865
3152131;Ponto Chique;-16,6318181;-45,06410081
3152170;Ponto dos Volantes;-16,75016712;-41,50590074
3152204;Porteirinha;-15,74331662;-43,02934959
3152303;Porto Firme;-20,6721385;-43,08762354
3152402;Poté;-17,80827882;-41,78848077
3152501;Pouso Alegre;-22,22999999;-45,93638905
3152600;Pouso Alto;-22,19518883;-44,97436527
3152709;Prados;-21,05171682;-44,09024193
3152808;Prata;-19,307;-48,92400001
3152907;Pratápolis;-20,74499999;-46,86100006
3153004;Pratinha;-19,75269158;-46,38174065
3153103;Presidente Bernardes;-20,76788286;-43,18664439
3153202;Presidente Juscelino;-18,63921856;-44,05933114
3153301;Presidente Kubitschek;-18,614;-43,562
3153400;Presidente Olegário;-18,42057501;-46,41468117
3153509;Alto Jequitibá;-20,4271252;-41,96356057
3153608;Prudente de Morais;-19,482;-44,155
3153707;Quartel Geral;-19,27104686;-45,55934174
3153806;Queluzito;-20,74012099;-43,88406691
3153905;Raposos;-19,967;-43,804
3154002;Raul Soares;-20,10059424;-42,45038193
3154101;Recreio;-21,5235399;-42,47449302
3154150;Reduto;-20,24203719;-41,98215224
3154200;Resende Costa;-20,92204388;-44,23814713
3154309;Resplendor;-19,32523262;-41,24879005
3154408;Ressaquinha;-21,06176893;-43,76237915
3154457;Riachinho;-16,22032055;-45,99937636
3154507;Riacho dos Machados;-16,00648782;-43,0469226
3154606;Ribeirão das Neves;-19,767;-44,087
3154705;Ribeirão Vermelho;-21,191;-45,062
3154804;Rio Acima;-20,08786567;-43,78892873
3154903;Rio Casca;-20,22500261;-42,64877006
3155009;Rio Doce;-20,24538228;-42,89637125
3155108;Rio do Prado;-16,60956981;-40,57333191
3155207;Rio Espera;-20,85659214;-43,47541528
3155306;Rio Manso;-20,26494242;-44,30806438
3155405;Rio Novo;-21,47523801;-43,12715098
3155504;Rio Paranaíba;-19,19572473;-46,24002244
3155603;Rio Pardo de Minas;-15,61715781;-42,54338091
3155702;Rio Piracicaba;-19,92899996;-43,17400139
3155801;Rio Pomba;-21,26981794;-43,1771484
3155900;Rio Preto;-22,08874193;-43,82881604
3156007;Rio Vermelho;-18,29399986;-43,00900308
3156106;Ritápolis;-21,02426941;-44,32483472
3156205;Rochedo de Minas;-21,62834566;-43,01943519
3156304;Rodeiro;-21,20036934;-42,86590291
3156403;Romaria;-18,8844741;-47,58404738
3156452;Rosário da Limeira;-20,9797728;-42,50962347
3156502;Rubelita;-16,4077368;-42,26190083
3156601;Rubim;-16,37949118;-40,540627
3156700;Sabará;-19,886;-43,807
3156809;Sabinópolis;-18,66611099;-43,08389182
3156908;Sacramento;-19,87208728;-47,44238234
3157005;Salinas;-16,16227944;-42,2908731
3157104;Salto da Divisa;-15,99816267;-39,95005243
3157203;Santa Bárbara;-19,95899992;-43,41500235
3157252;Santa Bárbara do Leste;-19,97798024;-42,14079216
3157278;Santa Bárbara do Monte Verde;-21,95819402;-43,70460516
3157302;Santa Bárbara do Tugúrio;-21,24349583;-43,56019761
3157336;Santa Cruz de Minas;-21,11947103;-44,22325785
3157377;Santa Cruz de Salinas;-16,09764759;-41,74867991
3157401;Santa Cruz do Escalvado;-20,2360843;-42,8149458
3157500;Santa Efigênia de Minas;-18,82510924;-42,43925757
3157609;Santa Fé de Minas;-16,69369613;-45,41484676
3157658;Santa Helena de Minas;-16,93730363;-40,68427279
3157708;Santa Juliana;-19,31175824;-47,52954488
3157807;Santa Luzia;-19,77;-43,851
3157906;Santa Margarida;-20,38240542;-42,2516909
3158003;Santa Maria de Itabira;-19,44873505;-43,11392859
3158102;Santa Maria do Salto;-16,24897127;-40,14776681
3158201;Santa Maria do Suaçuí;-18,18893902;-42,41939901
3158300;Santana da Vargem;-21,249;-45,507
3158409;Santana de Cataguases;-21,28744339;-42,55434086
3158508;Santana de Pirapama;-18,99921241;-44,04669795
3158607;Santana do Deserto;-21,9511091;-43,16618561
3158706;Santana do Garambéu;-21,60197147;-44,10946714
3158805;Santana do Jacaré;-20,898;-45,131
3158904;Santana do Manhuaçu;-20,10809285;-41,92482769
3158953;Santana do Paraíso;-19,37242868;-42,55108582
3159001;Santana do Riacho;-19,169;-43,714
3159100;Santana dos Montes;-20,78784521;-43,69215447
3159209;Santa Rita de Caldas;-22,0286111;-46,33666678
3159308;Santa Rita de Jacutinga;-22,14865614;-44,09347305
3159357;Santa Rita de Minas;-19,87499997;-42,13200281
3159407;Santa Rita de Ibitipoca;-21,56269131;-43,91658855
3159506;Santa Rita do Itueto;-19,35939907;-41,38006471
3159605;Santa Rita do Sapucaí;-22,25222221;-45,70333352
3159704;Santa Rosa da Serra;-19,53124202;-45,96855216
3159803;Santa Vitória;-18,839;-50,121
3159902;Santo Antônio do Amparo;-20,94609507;-44,91912781
3160009;Santo Antônio do Aventureiro;-21,7574802;-42,81668551
3160108;Santo Antônio do Grama;-20,31610931;-42,60899795
3160207;Santo Antônio do Itambé;-18,46599994;-43,30700126
3160306;Santo Antônio do Jacinto;-16,53257647;-40,17588157
3160405;Santo Antônio do Monte;-20,087;-45,294
3160454;Santo Antônio do Retiro;-15,34214999;-42,62275364
3160504;Santo Antônio do Rio Abaixo;-19,22799995;-43,2540013
3160603;Santo Hipólito;-18,297;-44,223
3160702;Santos Dumont;-21,45833938;-43,55189005
3160801;São Bento Abade;-21,582;-45,076
3160900;São Brás do Suaçuí;-20,62521433;-43,94885869
3160959;São Domingos das Dores;-19,52671654;-42,01209064
3161007;São Domingos do Prata;-19,86499996;-42,9680016
3161056;São Félix de Minas;-18,58994528;-41,48932368
3161106;São Francisco;-15,95511481;-44,86106262
3161205;São Francisco de Paula;-20,71007205;-44,98516173
3161304;São Francisco de Sales;-19,863;-49,774
3161403;São Francisco do Glória;-20,78737322;-42,26889425
3161502;São Geraldo;-20,92569837;-42,83430853
3161601;São Geraldo da Piedade;-18,84430126;-42,28864231
3161650;São Geraldo do Baixio;-18,91730571;-41,35920279
3161700;São Gonçalo do Abaeté;-18,34034612;-45,83350032
3161809;São Gonçalo do Pará;-19,983;-44,859
3161908;São Gonçalo do Rio Abaixo;-19,82599996;-43,36200122
3162005;São Gonçalo do Sapucaí;-21,892;-45,595
3162104;São Gotardo;-19,31408922;-46,04893896
3162203;São João Batista do Glória;-20,64099999;-46,50600009
3162252;São João da Lagoa;-16,85077324;-44,34616064
3162302;São João da Mata;-21,93;-45,929
3162401;São João da Ponte;-15,92867762;-44,00584279
3162450;São João das Missões;-14,88297314;-44,08280498
3162500;São João del Rei;-21,13369583;-44,2514385
3162559;São João do Manhuaçu;-20,39291603;-42,15318605
3162575;São João do Manteninha;-18,72354561;-41,1633057
3162609;São João do Oriente;-19,33899995;-42,15800273
3162658;São João do Pacuí;-16,53263756;-44,53028229
3162708;São João do Paraíso;-15,3173206;-42,01950603
3162807;São João Evangelista;-18,54511076;-42,76401082
3162906;São João Nepomuceno;-21,53678583;-43,01530766
3162922;São Joaquim de Bicas;-20,04902609;-44,27400943
3162948;São José da Barra;-20,718;-46,311
3162955;São José da Lapa;-19,701;-43,955
3163003;São José da Safira;-18,32490251;-42,14610252
3163102;São José da Varginha;-19,71;-44,557
3163201;São José do Alegre;-22,3286111;-45,52638912
3163300;São José do Divino;-18,48032958;-41,38782839
3163409;São José do Goiabal;-19,92899996;-42,70500192
3163508;São José do Jacuri;-18,27692904;-42,6712626
3163607;São José do Mantimento;-20,00389976;-41,74604356
3163706;São Lourenço;-22,11638888;-45,05444478
3163805;São Miguel do Anta;-20,70554844;-42,71979817
3163904;São Pedro da União;-21,127;-46,615
3164001;São Pedro dos Ferros;-20,17063149;-42,52440837
3164100;São Pedro do Suaçuí;-18,36599992;-42,60300202
3164209;São Romão;-16,36713012;-45,0686289
3164308;São Roque de Minas;-20,245;-46,366
3164407;São Sebastião da Bela Vista;-22,15916666;-45,75416685
3164431;São Sebastião da Vargem Alegre;-21,07117792;-42,63796775
3164472;São Sebastião do Anta;-19,49815408;-41,9800459
3164506;São Sebastião do Maranhão;-18,08870303;-42,57066369
3164605;São Sebastião do Oeste;-20,276;-45,005
3164704;São Sebastião do Paraíso;-20,91699999;-46,99100005
3164803;São Sebastião do Rio Preto;-19,29298136;-43,17489634
3164902;São Sebastião do Rio Verde;-22,21906064;-44,97846365
3165008;São Tiago;-20,91300082;-44,5089542
3165107;São Tomás de Aquino;-20,78399999;-47,09800005
3165206;São Tomé das Letras;-21,72186228;-44,98412112
3165305;São Vicente de Minas;-21,70024503;-44,44513056
3165404;Sapucaí-Mirim;-22,74777777;-45,74250019
3165503;Sardoá;-18,78399987;-42,36500474
3165537;Sarzedo;-20,0349497;-44,14511554
3165552;Setubinha;-17,6019998;-42,16300539
3165560;Sem-Peixe;-20,10293393;-42,84063232
3165578;Senador Amaral;-22,58722221;-46,17666679
3165602;Senador Cortes;-21,80251696;-42,9443321
3165701;Senador Firmino;-20,9159191;-43,10323436
3165800;Senador José Bento;-22,16444443;-46,17888901
3165909;Senador Modestino Gonçalves;-17,94699993;-43,22500133
3166006;Senhora de Oliveira;-20,79446547;-43,34515598
3166105;Senhora do Porto;-18,89320752;-43,08440812
3166204;Senhora dos Remédios;-21,02874208;-43,58285586
3166303;Sericita;-20,47224586;-42,48539698
3166402;Seritinga;-21,90871779;-44,51921893
3166501;Serra Azul de Minas;-18,36199993;-43,17000138
3166600;Serra da Saudade;-19,43929927;-45,79484097
3166709;Serra dos Aimorés;-17,7866441;-40,24329401
3166808;Serra do Salitre;-19,11025094;-46,68155923
3166907;Serrania;-21,548;-46,04
3166956;Serranópolis de Minas;-15,81145891;-42,87177259
3167004;Serranos;-21,88903596;-44,51244904
3167103;Serro;-18,60499994;-43,37900119
3167202;Sete Lagoas;-19,466;-44,247
3167301;Silveirânia;-21,16463754;-43,21787847
3167400;Silvianópolis;-22,02944443;-45,83500017
3167509;Simão Pereira;-21,96397574;-43,31328897
3167608;Simonésia;-20,12170381;-42,00226913
3167707;Sobrália;-19,2349999;-42,09800567
3167806;Soledade de Minas;-22,05999999;-45,04500034
3167905;Tabuleiro;-21,35876707;-43,24974594
3168002;Taiobeiras;-15,80902312;-42,22230905
3168051;Taparuba;-19,76216858;-41,61398974
3168101;Tapira;-19,92310975;-46,82224691
3168200;Tapiraí;-19,88799448;-46,02043702
3168309;Taquaraçu de Minas;-19,67;-43,687
3168408;Tarumirim;-19,28099995;-42,00700301
3168507;Teixeiras;-20,65127979;-42,85778516
3168606;Teófilo Otoni;-17,86113953;-41,50354108
3168705;Timóteo;-19,58299995;-42,64400199
3168804;Tiradentes;-21,10889849;-44,16915974
3168903;Tiros;-19,00412955;-45,9629445
3169000;Tocantins;-21,17307141;-43,02365523
3169059;Tocos do Moji;-22,37055555;-46,09555583
3169109;Toledo;-22,74305555;-46,37194454
3169208;Tombos;-20,90697198;-42,02697335
3169307;Três Corações;-21,697;-45,253
3169356;Três Marias;-18,2022082;-45,22857457
3169406;Três Pontas;-21,367;-45,513
3169505;Tumiritinga;-18,97865582;-41,64268565
3169604;Tupaciguara;-18,593;-48,70500001
3169703;Turmalina;-17,28599991;-42,73000187
3169802;Turvolândia;-21,876;-45,787
3169901;Ubá;-21,1175731;-42,941322
3170008;Ubaí;-16,28518304;-44,7826832
3170057;Ubaporanga;-19,63499993;-42,10600568
3170107;Uberaba;-19,75888799;-47,93455535
3170206;Uberlândia;-18,919;-48,27700002
3170305;Umburatiba;-17,25459703;-40,57147216
3170404;Unaí;-16,36109735;-46,89757572
3170438;União de Minas;-19,53;-50,336
3170479;Uruana de Minas;-16,0603004;-46,25654199
3170503;Urucânia;-20,35321471;-42,7415579
3170529;Urucuia;-16,12448238;-45,74102386
3170578;Vargem Alegre;-19,60799983;-42,29801002
3170602;Vargem Bonita;-20,327;-46,366
3170651;Vargem Grande do Rio Pardo;-15,40157714;-42,30967618
3170701;Varginha;-21,551;-45,43
3170750;Varjão de Minas;-18,37859442;-46,03107269
3170800;Várzea da Palma;-17,598;-44,731
3170909;Varzelândia;-15,70390359;-44,02979067
3171006;Vazante;-17,99022386;-46,90088248
3171030;Verdelândia;-15,59266801;-43,60703231
3171071;Veredinha;-17,39899991;-42,73600186
3171105;Veríssimo;-19,663;-48,30800001
3171154;Vermelho Novo;-20,03657387;-42,2666805
3171204;Vespasiano;-19,692;-43,923
3171303;Viçosa;-20,75545932;-42,88477675
3171402;Vieiras;-20,86527159;-42,24552971
3171501;Mathias Lobato;-18,57673296;-41,91679174
3171600;Virgem da Lapa;-16,80204816;-42,34291798
3171709;Virgínia;-22,33333331;-45,09166734
3171808;Virginópolis;-18,82207934;-42,70475677
3171907;Virgolândia;-18,47494061;-42,30799608
3172004;Visconde do Rio Branco;-21,01104615;-42,83654341
3172103;Volta Grande;-21,7731392;-42,53617947
3172202;Wenceslau Braz;-22,53444443;-45,36277805
3200102;Afonso Cláudio;-20,07557214;-41,1239809
3200136;Águia Branca;-18,98709805;-40,73891652
3200169;Água Doce do Norte;-18,54703322;-40,98136294
3200201;Alegre;-20,76336771;-41,53517808
3200300;Alfredo Chaves;-20,63730916;-40,74883035
3200359;Alto Rio Novo;-19,05788853;-41,01870026
3200409;Anchieta;-20,805613;-40,647659
3200508;Apiacá;-21,15688044;-41,56764984
3200607;Aracruz;-19,82284081;-40,27308319
3200706;Atílio Vivácqua;-20,91817465;-41,1913923
3200805;Baixo Guandu;-19,51192631;-41,01596254
3200904;Barra de São Francisco;-18,75530885;-40,89095378
3201001;Boa Esperança;-18,53960841;-40,29475312
3201100;Bom Jesus do Norte;-21,12543856;-41,67213662
3201159;Brejetuba;-20,14393187;-41,28790317
3201209;Cachoeiro de Itapemirim;-20,84563006;-41,13263517
3201308;Cariacica;-20,28700032;-40,38997569
3201407;Castelo;-20,60745164;-41,20506538
3201506;Colatina;-19,54187933;-40,62862015
3201605;Conceição da Barra;-18,58265921;-39,7328331
3201704;Conceição do Castelo;-20,36052327;-41,24657413
3201803;Divino de São Lourenço;-20,62057924;-41,68378991
3201902;Domingos Martins;-20,36367052;-40,65956456
3202009;Dores do Rio Preto;-20,69154962;-41,84914032
3202108;Ecoporanga;-18,37254804;-40,8307025
3202207;Fundão;-19,93562089;-40,40501411
3202256;Governador Lindenberg;-19,252105;-40,46159677
3202306;Guaçuí;-20,77280999;-41,67882373
3202405;Guarapari;-20,66822207;-40,49595482
3202454;Ibatiba;-20,23443682;-41,50871423
3202504;Ibiraçu;-19,82655924;-40,36776677
3202553;Ibitirama;-20,53791178;-41,66297598
3202603;Iconha;-20,79004108;-40,81193308
3202652;Irupi;-20,34595533;-41,64135782
3202702;Itaguaçu;-19,80390464;-40,85867838
3202801;Itapemirim;-21,01098977;-40,83258483
3202900;Itarana;-19,87394784;-40,87448455
3203007;Iúna;-20,34815601;-41,53235937
3203056;Jaguaré;-18,90619561;-40,07582846
3203106;Jerônimo Monteiro;-20,788885;-41,39266985
3203130;João Neiva;-19,75568045;-40,38350052
3203163;Laranja da Terra;-19,89982797;-41,05664582
3203205;Linhares;-19,37899779;-40,05758369
3203304;Mantenópolis;-18,86300525;-41,12260169
3203320;Marataízes;-21,03363754;-40,82118018
3203346;Marechal Floriano;-20,41342147;-40,67650017
3203353;Marilândia;-19,41080254;-40,54246016
3203403;Mimoso do Sul;-21,06401873;-41,36404437
3203502;Montanha;-18,1275338;-40,36465904
3203601;Mucurici;-18,09483456;-40,51888645
3203700;Muniz Freire;-20,46397315;-41,4128294
3203809;Muqui;-20,95166603;-41,34613376
3203908;Nova Venécia;-18,71215621;-40,40086891
3204005;Pancas;-19,22332338;-40,85005718
3204054;Pedro Canário;-18,29869474;-39,95188882
3204104;Pinheiros;-18,41377993;-40,21621739
3204203;Piúma;-20,84236636;-40,73937916
3204252;Ponto Belo;-18,1228977;-40,53863519
3204302;Presidente Kennedy;-21,10038783;-41,0461353
3204351;Rio Bananal;-19,27223557;-40,32660171
3204401;Rio Novo do Sul;-20,86538805;-40,93795459
3204500;Santa Leopoldina;-20,10052786;-40,52857612
3204559;Santa Maria de Jetibá;-20,02615784;-40,74335285
3204609;Santa Teresa;-19,93416172;-40,60040101
3204658;São Domingos do Norte;-19,14614355;-40,62248682
3204708;São Gabriel da Palha;-19,01770639;-40,53787339
3204807;São José do Calçado;-21,0269451;-41,65592309
3204906;São Mateus;-18,71848924;-39,86372858
3204955;São Roque do Canaã;-19,73865344;-40,65916326
3205002;Serra;-20,12782477;-40,30414107
3205010;Sooretama;-19,1906587;-40,10316371
3205036;Vargem Alta;-20,67205577;-41,00769572
3205069;Venda Nova do Imigrante;-20,32931425;-41,13135212
3205101;Viana;-20,39196299;-40,49600583
3205150;Vila Pavão;-18,62039152;-40,60462295
3205176;Vila Valério;-18,99832392;-40,388865
3205200;Vila Velha;-20,36267063;-40,30652743
3205309;Vitória;-20,31548708;-40,31109577
3300100;Angra dos Reis;-23,0043667;-44,30916869
3300159;Aperibé;-21,62361414;-42,10535515
3300209;Araruama;-22,86138755;-42,34146794
3300225;Areal;-22,23711659;-43,10122102
3300233;Armação dos Búzios;-22,75806872;-41,94590483
3300258;Arraial do Cabo;-22,96927894;-42,02845748
3300308;Barra do Piraí;-22,46081917;-43,81911259
3300407;Barra Mansa;-22,52980556;-44,18380122
3300456;Belford Roxo;-22,73618385;-43,37710637
3300506;Bom Jardim;-22,16031725;-42,41923841
3300605;Bom Jesus do Itabapoana;-21,1374783;-41,67845626
3300704;Cabo Frio;-22,8824666;-42,0205333
3300803;Cachoeiras de Macacu;-22,46656512;-42,65378862
3300902;Cambuci;-21,57531827;-41,91390709
3300936;Carapebus;-22,18404829;-41,66034952
3300951;Comendador Levy Gasparian;-22,03463122;-43,22107971
3301009;Campos dos Goytacazes;-21,76292374;-41,31208609
3301108;Cantagalo;-21,98386565;-42,37000946
3301157;Cardoso Moreira;-21,49283357;-41,61426649
3301207;Carmo;-21,93368198;-42,60830439
3301306;Casimiro de Abreu;-22,4841476;-42,19962697
3301405;Conceição de Macabu;-22,08160003;-41,87196853
3301504;Cordeiro;-22,02771943;-42,36393405
3301603;Duas Barras;-22,05226211;-42,52082528
3301702;Duque de Caxias;-22,701194;-43,27447112
3301801;Engenheiro Paulo de Frontin;-22,5496174;-43,67513322
3301850;Guapimirim;-22,54116281;-42,98202338
3301876;Iguaba Grande;-22,83718489;-42,2240322
3301900;Itaboraí;-22,75331792;-42,88876422
3302007;Itaguaí;-22,86700839;-43,78443155
3302056;Italva;-21,42723542;-41,69335975
3302106;Itaocara;-21,67163179;-42,080759
3302205;Itaperuna;-21,20299036;-41,89379035
3302254;Itatiaia;-22,49138773;-44,56653214
3302270;Japeri;-22,64769646;-43,65326265
3302304;Laje do Muriaé;-21,20721481;-42,12216734
3302403;Macaé;-22,37308239;-41,78141763
3302452;Macuco;-21,98167145;-42,25196151
3302502;Magé;-22,6592145;-43,03944807
3302601;Mangaratiba;-22,94181364;-44,0405364
3302700;Maricá;-22,91586862;-42,82645483
3302809;Mendes;-22,5224135;-43,7380144
3302858;Mesquita;-22,79432903;-43,4324979
3302908;Miguel Pereira;-22,4562376;-43,46980762
3303005;Miracema;-21,41162546;-42,19756518
3303104;Natividade;-21,04387104;-41,97451945
3303203;Nilópolis;-22,81036364;-43,41407821
3303302;Niterói;-22,89151671;-43,08228254
3303401;Nova Friburgo;-22,29279204;-42,53550624
3303500;Nova Iguaçu;-22,74462212;-43,47890954
3303609;Paracambi;-22,60972716;-43,70938456
3303708;Paraíba do Sul;-22,1599173;-43,29318051
3303807;Paraty;-23,21931854;-44,72034839
3303856;Paty do Alferes;-22,43076408;-43,42565079
3303906;Petrópolis;-22,51766517;-43,19636744
3303955;Pinheiral;-22,51367863;-44,00435267
3304003;Piraí;-22,62875691;-43,89935119
3304102;Porciúncula;-20,96701564;-42,04345748
3304110;Porto Real;-22,41744333;-44,29937536
3304128;Quatis;-22,40944581;-44,2614117
3304144;Queimados;-22,71280162;-43,56502806
3304151;Quissamã;-22,10759712;-41,46816953
3304201;Resende;-22,47760307;-44,4756374
3304300;Rio Bonito;-22,71186776;-42,62886711
3304409;Rio Claro;-22,72577059;-44,13801365
3304508;Rio das Flores;-22,16838151;-43,58203894
3304524;Rio das Ostras;-22,52385423;-41,94869551
3304557;Rio de Janeiro;-22,91246895;-43,19472506
3304607;Santa Maria Madalena;-21,95151361;-42,00895201
3304706;Santo Antônio de Pádua;-21,53264334;-42,19203041
3304755;São Francisco de Itabapoana;-21,4761674;-41,10728038
3304805;São Fidélis;-21,64706426;-41,75180809
3304904;São Gonçalo;-22,82307003;-43,01822233
3305000;São João da Barra;-21,63674125;-41,04632147
3305109;São João de Meriti;-22,78598848;-43,36579931
3305133;São José de Ubá;-21,36014271;-41,9396481
3305158;São José do Vale do Rio Preto;-22,15302906;-42,92478132
3305208;São Pedro da Aldeia;-22,83478438;-42,09957039
3305307;São Sebastião do Alto;-21,95574376;-42,13539444
3305406;Sapucaia;-21,99560772;-42,91844123
3305505;Saquarema;-22,92873653;-42,50745787
3305554;Seropédica;-22,74495833;-43,70448406
3305604;Silva Jardim;-22,64806071;-42,39969351
3305703;Sumidouro;-22,04800571;-42,67382837
3305752;Tanguá;-22,73530702;-42,73159281
3305802;Teresópolis;-22,42169538;-42,96793143
3305901;Trajano de Moraes;-22,06317375;-42,0613334
3306008;Três Rios;-22,10742636;-43,20524959
3306107;Valença;-22,24359008;-43,70449564
3306156;Varre-Sai;-20,92592865;-41,86956822
3306206;Vassouras;-22,40869612;-43,66583333
3306305;Volta Redonda;-22,50819042;-44,09418639
3500105;Adamantina;-21,68504192;-51,07295897
3500204;Adolfo;-21,235;-49,644
3500303;Aguaí;-22,05899999;-46,97900005
3500402;Águas da Prata;-21,937;-46,717
3500501;Águas de Lindóia;-22,47599999;-46,63300008
3500550;Águas de Santa Bárbara;-22,881;-49,239
3500600;Águas de São Pedro;-22,599;-47,87600002
3500709;Agudos;-22,469;-48,988
3500758;Alambari;-23,551;-47,899
3500808;Alfredo Marcondes;-21,95380505;-51,41563749
3500907;Altair;-20,524;-49,059
3501004;Altinópolis;-21,026;-47,374
3501103;Alto Alegre;-21,581;-50,164
3501152;Alumínio;-23,535;-47,262
3501202;Álvares Florence;-20,321;-49,911
3501301;Álvares Machado;-22,07901253;-51,47209987
3501400;Álvaro de Carvalho;-22,07898848;-49,72073811
3501509;Alvinlândia;-22,444;-49,763
3501608;Americana;-22,739;-47,33100009
3501707;Américo Brasiliense;-21,724;-48,10200001
3501806;Américo de Campos;-20,299;-49,732
3501905;Amparo;-22,701;-46,76400007
3502002;Analândia;-22,126;-47,66300002
3502101;Andradina;-20,896;-51,379
3502200;Angatuba;-23,49;-48,413
3502309;Anhembi;-22,789;-48,12700001
3502408;Anhumas;-22,29501781;-51,38699286
3502507;Aparecida;-22,84699999;-45,2300003
3502606;Aparecida d'Oeste;-20,449;-50,88
3502705;Apiaí;-24,509;-48,843
3502754;Araçariguama;-23,439;-47,061
3502804;Araçatuba;-21,209;-50,433
3502903;Araçoiaba da Serra;-23,505;-47,614
3503000;Aramina;-20,08857472;-47,78824308
3503109;Arandu;-23,134;-49,054
3503158;Arapeí;-22,67359291;-44,44807329
3503208;Araraquara;-21,794;-48,17600001
3503307;Araras;-22,357;-47,38400004
3503356;Arco-Íris;-21,773;-50,465
3503406;Arealva;-22,029;-48,911
3503505;Areias;-22,58063365;-44,69589633
3503604;Areiópolis;-22,668;-48,66500001
3503703;Ariranha;-21,188;-48,78700001
3503802;Artur Nogueira;-22,573;-47,17300004
3503901;Arujá;-23,38908554;-46,31822162
3503950;Aspásia;-20,159;-50,727
3504008;Assis;-22,662;-50,412
3504107;Atibaia;-23,117;-46,55
3504206;Auriflama;-20,686;-50,555
3504305;Avaí;-22,15711658;-49,33106102
3504404;Avanhandava;-21,461;-49,95
3504503;Avaré;-23,099;-48,926
3504602;Bady Bassitt;-20,918;-49,445
3504701;Balbinos;-21,9;-49,357
3504800;Bálsamo;-20,735;-49,584
3504909;Bananal;-22,68108604;-44,32151923
3505005;Barão de Antonina;-23,629142;-49,5634276
3505104;Barbosa;-21,267;-49,949
3505203;Bariri;-22,074;-48,74000001
3505302;Barra Bonita;-22,495;-48,55800001
3505351;Barra do Chapéu;-24,473;-49,025
3505401;Barra do Turvo;-24,756;-48,505
3505500;Barretos;-20,557;-48,56800001
3505609;Barrinha;-21,194;-48,16400001
3505708;Barueri;-23,511;-46,876
3505807;Bastos;-21,922;-50,734
3505906;Batatais;-20,891;-47,58500003
3506003;Bauru;-22,315;-49,061
3506102;Bebedouro;-20,949;-48,47900001
3506201;Bento de Abreu;-21,271;-50,812
3506300;Bernardino de Campos;-23,013;-49,474
3506359;Bertioga;-23,84333511;-46,13734126
3506409;Bilac;-21,403;-50,471
3506508;Birigui;-21,289;-50,34
3506607;Biritiba Mirim;-23,56850005;-46,03953128
3506706;Boa Esperança do Sul;-21,993;-48,39100001
3506805;Bocaina;-22,136;-48,51800001
3506904;Bofete;-23,102;-48,258
3507001;Boituva;-23,283;-47,672
3507100;Bom Jesus dos Perdões;-23,12557661;-46,47140053
3507159;Bom Sucesso de Itararé;-24,318;-49,144
3507209;Borá;-22,26950049;-50,54465367
3507308;Boracéia;-22,193;-48,77900001
3507407;Borborema;-21,62;-49,074
3507456;Borebi;-22,569;-48,971
3507506;Botucatu;-22,886;-48,44500001
3507605;Bragança Paulista;-22,952;-46,54200009
3507704;Braúna;-21,499;-50,316
3507753;Brejo Alegre;-21,166;-50,185
3507803;Brodowski;-20,991;-47,65900003
3507902;Brotas;-22,284;-48,12700001
3508009;Buri;-23,798;-48,593
3508108;Buritama;-21,066;-50,147
3508207;Buritizal;-20,191;-47,70800003
3508306;Cabrália Paulista;-22,456;-49,338
3508405;Cabreúva;-23,308;-47,133
3508504;Caçapava;-23,10599569;-45,7064212
3508603;Cachoeira Paulista;-22,66499999;-45,0094448
3508702;Caconde;-21,529;-46,644
3508801;Cafelândia;-21,803;-49,61
3508900;Caiabu;-22,01201267;-51,23605374
3509007;Caieiras;-23,364;-46,741
3509106;Caiuá;-21,83172827;-51,98986039
3509205;Cajamar;-23,356;-46,877
3509254;Cajati;-24,72783711;-48,11099246
3509304;Cajobi;-20,88;-48,80900001
3509403;Cajuru;-21,275;-47,304
3509452;Campina do Monte Alegre;-23,592;-48,477
3509502;Campinas;-23,02591283;-47,12087965
3509601;Campo Limpo Paulista;-23,206;-46,784
3509700;Campos do Jordão;-22,73944443;-45,59138911
3509809;Campos Novos Paulista;-22,603;-50,003
3509908;Cananéia;-25,01690807;-47,92848281
3509957;Canas;-22,7036111;-45,05527813
3510005;Cândido Mota;-22,746;-50,387
3510104;Cândido Rodrigues;-21,325;-48,63100001
3510153;Canitar;-23,006;-49,783
3510203;Capão Bonito;-24,006;-48,349
3510302;Capela do Alto;-23,471;-47,735
3510401;Capivari;-22,995;-47,50800003
3510500;Caraguatatuba;-23,62199452;-45,41155236
3510609;Carapicuíba;-23,523;-46,836
3510708;Cardoso;-20,082;-49,914
3510807;Casa Branca;-21,774;-47,086
3510906;Cássia dos Coqueiros;-21,283;-47,17
3511003;Castilho;-20,872;-51,488
3511102;Catanduva;-21,138;-48,973
3511201;Catiguá;-21,049;-49,058
3511300;Cedral;-20,903;-49,268
3511409;Cerqueira César;-23,036;-49,166
3511508;Cerquilho;-23,165;-47,744
3511607;Cesário Lange;-23,227;-47,953
3511706;Charqueada;-22,51;-47,77800002
3511904;Clementina;-21,56;-50,449
3512001;Colina;-20,713;-48,54100001
3512100;Colômbia;-20,176;-48,68900001
3512209;Conchal;-22,33929983;-47,16922975
3512308;Conchas;-23,015;-48,011
3512407;Cordeirópolis;-22,482;-47,45700003
3512506;Coroados;-21,35293047;-50,28308797
3512605;Coronel Macedo;-23,631;-49,314
3512704;Corumbataí;-22,22;-47,62600003
3512803;Cosmópolis;-22,646;-47,19600004
3512902;Cosmorama;-20,478;-49,778
3513009;Cotia;-23,604;-46,919
3513108;Cravinhos;-21,34;-47,729
3513207;Cristais Paulista;-20,40378153;-47,42020706
3513306;Cruzália;-22,74231486;-50,7929032
3513405;Cruzeiro;-22,57375918;-44,95891499
3513504;Cubatão;-23,92552477;-46,41339891
3513603;Cunha;-23,07251229;-44,95925865
3513702;Descalvado;-21,904;-47,619
3513801;Diadema;-23,686;-46,623
3513850;Dirce Reis;-20,466;-50,606
3513900;Divinolândia;-21,661;-46,739
3514007;Dobrada;-21,517;-48,39400001
3514106;Dois Córregos;-22,366;-48,38000001
3514205;Dolcinópolis;-20,123;-50,513
3514304;Dourado;-22,11292724;-48,31384659
3514403;Dracena;-21,48295439;-51,53309043
3514502;Duartina;-22,414;-49,404
3514601;Dumont;-21,236;-47,973
3514700;Echaporã;-22,429;-50,201
3514809;Eldorado;-24,52;-48,108
3514908;Elias Fausto;-23,043;-47,374
3514924;Elisiário;-21,166;-49,112
3514957;Embaúba;-20,983;-48,83600001
3515004;Embu das Artes;-23,649;-46,852
3515103;Embu-Guaçu;-23,832;-46,811
3515129;Emilianópolis;-21,83289903;-51,4830102
3515152;Engenheiro Coelho;-22,488;-47,21500004
3515186;Espírito Santo do Pinhal;-22,19403276;-46,75417065
3515194;Espírito Santo do Turvo;-22,692;-49,43
3515202;Estrela d'Oeste;-20,288;-50,401
3515301;Estrela do Norte;-22,48793691;-51,66005126
3515350;Euclides da Cunha Paulista;-22,55688571;-52,59256551
3515400;Fartura;-23,38989308;-49,51205256
3515509;Fernandópolis;-20,284;-50,246
3515608;Fernando Prestes;-21,264;-48,68500001
3515657;Fernão;-22,359;-49,521
3515707;Ferraz de Vasconcelos;-23,54001743;-46,37455607
3515806;Flora Rica;-21,67597203;-51,38065879
3515905;Floreal;-20,677;-50,145
3516002;Flórida Paulista;-21,61499369;-51,17405417
3516101;Florínea;-22,90394899;-50,73125002
3516200;Franca;-20,53899999;-47,40100004
3516309;Francisco Morato;-23,282;-46,745
3516408;Franco da Rocha;-23,322;-46,727
3516507;Gabriel Monteiro;-21,531;-50,555
3516606;Gália;-22,291;-49,553
3516705;Garça;-22,211;-49,656
3516804;Gastão Vidigal;-20,799;-50,187
3516853;Gavião Peixoto;-21,839;-48,49500001
3516903;General Salgado;-20,648;-50,361
3517000;Getulina;-21,799;-49,929
3517109;Glicério;-21,384;-50,211
3517208;Guaiçara;-21,622;-49,799
3517307;Guaimbê;-21,91;-49,897
3517406;Guaíra;-20,318;-48,31100001
3517505;Guapiaçu;-20,795;-49,22
3517604;Guapiara;-24,185;-48,533
3517703;Guará;-20,428;-47,82400002
3517802;Guaraçaí;-21,03332827;-51,20927663
3517901;Guaraci;-20,49957012;-48,94490133
3518008;Guarani d'Oeste;-20,075;-50,339
3518107;Guarantã;-21,895;-49,59
3518206;Guararapes;-21,261;-50,643
3518305;Guararema;-23,41450094;-46,03549741
3518404;Guaratinguetá;-22,81638888;-45,19250031
3518503;Guareí;-23,373;-48,184
3518602;Guariba;-21,36;-48,22800001
3518701;Guarujá;-23,97899765;-46,20945016
3518800;Guarulhos;-23,463;-46,533
3518859;Guatapará;-21,497;-48,03800002
3518909;Guzolândia;-20,65;-50,662
3519006;Herculândia;-21,99635923;-50,38955312
3519055;Holambra;-22,633;-47,05600005
3519071;Hortolândia;-22,858;-47,22000004
3519105;Iacanga;-21,89228549;-49,0222457
3519204;Iacri;-21,858;-50,689
3519253;Iaras;-22,871;-49,163
3519303;Ibaté;-21,95658641;-48,00405313
3519402;Ibirá;-21,08;-49,241
3519501;Ibirarema;-22,818;-50,073
3519600;Ibitinga;-21,758;-48,82900001
3519709;Ibiúna;-23,656;-47,223
3519808;Icém;-20,342;-49,195
3519907;Iepê;-22,66102068;-51,07605355
3520004;Igaraçu do Tietê;-22,509;-48,55800001
3520103;Igarapava;-20,038;-47,74700003
3520202;Igaratá;-23,2050304;-46,15516312
3520301;Iguape;-24,708;-47,555
3520400;Ilhabela;-23,81288193;-45,36361362
3520426;Ilha Comprida;-24,741;-47,54
3520442;Ilha Solteira;-20,433;-51,343
3520509;Indaiatuba;-23,09;-47,218
3520608;Indiana;-22,17402296;-51,25199668
3520707;Indiaporã;-19,98;-50,29
3520806;Inúbia Paulista;-21,77;-50,962
3520905;Ipaussu;-23,057;-49,626
3521002;Iperó;-23,35;-47,689
3521101;Ipeúna;-22,436;-47,71900002
3521150;Ipiguá;-20,657;-49,387
3521200;Iporanga;-24,58374702;-48,59296749
3521309;Ipuã;-20,438;-48,01200002
3521408;Iracemápolis;-22,581;-47,51900003
3521507;Irapuã;-21,279;-49,409
3521606;Irapuru;-21,57087251;-51,34501997
3521705;Itaberá;-23,862;-49,137
3521804;Itaí;-23,418;-49,091
3521903;Itajobi;-21,318;-49,054
3522000;Itaju;-21,98193061;-48,80464844
3522109;Itanhaém;-24,183;-46,789
3522158;Itaoca;-24,64057846;-48,84150964
3522208;Itapecerica da Serra;-23,717;-46,849
3522307;Itapetininga;-23,592;-48,053
3522406;Itapeva;-23,982;-48,876
3522505;Itapevi;-23,549;-46,934
3522604;Itapira;-22,43599999;-46,82200006
3522653;Itapirapuã Paulista;-24,57396009;-49,16887252
3522703;Itápolis;-21,596;-48,81300001
3522802;Itaporanga;-23,708;-49,49
3522901;Itapuí;-22,233;-48,71900001
3523008;Itapura;-20,646;-51,509
3523107;Itaquaquecetuba;-23,49129907;-46,35537674
3523206;Itararé;-24,115;-49,341
3523305;Itariri;-24,289;-47,174
3523404;Itatiba;-22,99817238;-46,84394439
3523503;Itatinga;-23,102;-48,616
3523602;Itirapina;-22,253;-47,82300002
3523701;Itirapuã;-20,64091247;-47,22056305
3523800;Itobi;-21,737;-46,975
3523909;Itu;-23,264;-47,299
3524006;Itupeva;-23,153;-47,058
3524105;Ituverava;-20,339;-47,78100002
3524204;Jaborandi;-20,688;-48,41300001
3524303;Jaboticabal;-21,255;-48,32200001
3524402;Jacareí;-23,29687545;-45,96195237
3524501;Jaci;-20,882;-49,57
3524600;Jacupiranga;-24,69330559;-47,99936987
3524709;Jaguariúna;-22,706;-46,98600005
3524808;Jales;-20,269;-50,546
3524907;Jambeiro;-23,25685414;-45,69349443
3525003;Jandira;-23,528;-46,903
3525102;Jardinópolis;-21,018;-47,764
3525201;Jarinu;-23,101;-46,728
3525300;Jaú;-22,296;-48,55800001
3525409;Jeriquara;-20,311;-47,58900003
3525508;Joanópolis;-22,93027777;-46,27555567
3525607;João Ramalho;-22,25;-50,768
3525706;José Bonifácio;-21,053;-49,688
3525805;Júlio Mesquita;-22,009;-49,787
3525854;Jumirim;-23,087;-47,784
3525904;Jundiaí;-23,186;-46,884
3526001;Junqueirópolis;-21,51486425;-51,4340238
3526100;Juquiá;-24,321;-47,635
3526209;Juquitiba;-23,932;-47,068
3526308;Lagoinha;-23,08978461;-45,19087786
3526407;Laranjal Paulista;-23,05;-47,837
3526506;Lavínia;-21,16790848;-51,03999105
3526605;Lavrinhas;-22,56988939;-44,90298582
3526704;Leme;-22,18599999;-47,39000007
3526803;Lençóis Paulista;-22,599;-48,80000001
3526902;Limeira;-22,565;-47,40200003
3527009;Lindóia;-22,52299999;-46,65000008
3527108;Lins;-21,679;-49,743
3527207;Lorena;-22,73099999;-45,12500033
3527256;Lourdes;-20,967;-50,224
3527306;Louveira;-23,086;-46,951
3527405;Lucélia;-21,71999931;-51,01899409
3527504;Lucianópolis;-22,431;-49,523
3527603;Luís Antônio;-21,555;-47,704
3527702;Luiziânia;-21,676;-50,327
3527801;Lupércio;-22,415;-49,817
3527900;Lutécia;-22,34;-50,392
3528007;Macatuba;-22,502;-48,71100001
3528106;Macaubal;-20,806;-49,964
3528205;Macedônia;-20,146;-50,194
3528304;Magda;-20,644;-50,226
3528403;Mairinque;-23,546;-47,183
3528502;Mairiporã;-23,319;-46,587
3528601;Manduri;-23,003;-49,322
3528700;Marabá Paulista;-22,10794606;-51,96316163
3528809;Maracaí;-22,611;-50,667
3528858;Marapoama;-21,259;-49,129
3528908;Mariápolis;-21,79622485;-51,18418117
3529005;Marília;-22,214;-49,946
3529104;Marinópolis;-20,441;-50,823
3529203;Martinópolis;-22,14600341;-51,1710155
3529302;Matão;-21,603;-48,36600001
3529401;Mauá;-23,66720922;-46,44793352
3529500;Mendonça;-21,18409215;-49,57911474
3529609;Meridiano;-20,359;-50,173
3529658;Mesópolis;-19,9674676;-50,62054252
3529708;Miguelópolis;-20,179;-48,03200002
3529807;Mineiros do Tietê;-22,409;-48,45100001
3529906;Miracatu;-24,28162952;-47,46001213
3530003;Mira Estrela;-19,979;-50,137
3530102;Mirandópolis;-21,13394839;-51,10201177
3530201;Mirante do Paranapanema;-22,29196034;-51,90609067
3530300;Mirassol;-20,819;-49,521
3530409;Mirassolândia;-20,617;-49,464
3530508;Mococa;-21,468;-47,005
3530607;Mogi das Cruzes;-23,53836355;-46,20349986
3530706;Mogi Guaçu;-22,372;-46,94200006
3530805;Mogi Mirim;-22,432;-46,95800006
3530904;Mombuca;-22,929;-47,56600003
3531001;Monções;-20,85;-50,092
3531100;Mongaguá;-24,0932741;-46,62715643
3531209;Monte Alegre do Sul;-22,68194443;-46,68083341
3531308;Monte Alto;-21,261;-48,49600001
3531407;Monte Aprazível;-20,773;-49,714
3531506;Monte Azul Paulista;-20,907;-48,64100001
3531605;Monte Castelo;-21,29887908;-51,56906285
3531704;Monteiro Lobato;-22,95666666;-45,8397224
3531803;Monte Mor;-22,947;-47,31600004
3531902;Morro Agudo;-20,731;-48,05800002
3532009;Morungaba;-22,87999999;-46,79200013
3532058;Motuca;-21,508;-48,15100001
3532108;Murutinga do Sul;-20,993;-51,278
3532157;Nantes;-22,61948051;-51,23759294
3532207;Narandiba;-22,40693511;-51,52393313
3532306;Natividade da Serra;-23,3777359;-45,44390319
3532405;Nazaré Paulista;-23,18050948;-46,39784952
3532504;Neves Paulista;-20,846;-49,63
3532603;Nhandeara;-20,694;-50,038
3532702;Nipoã;-20,913;-49,778
3532801;Nova Aliança;-21,016;-49,496
3532827;Nova Campina;-24,1212586;-48,90573105
3532843;Nova Canaã Paulista;-20,386;-50,949
3532868;Nova Castilho;-20,763;-50,343
3532900;Nova Europa;-21,778;-48,56100001
3533007;Nova Granada;-20,534;-49,314
3533106;Nova Guataporanga;-21,33399545;-51,64392479
3533205;Nova Independência;-21,10402067;-51,48999386
3533254;Novais;-20,992;-48,91900001
3533304;Nova Luzitânia;-20,856;-50,262
3533403;Nova Odessa;-22,778;-47,29600004
3533502;Novo Horizonte;-21,468;-49,221
3533601;Nuporanga;-20,72911297;-47,75311081
3533700;Ocauçu;-22,439;-49,923
3533809;Óleo;-22,941;-49,342
3533908;Olímpia;-20,737;-48,91500001
3534005;Onda Verde;-20,60977298;-49,29697964
3534104;Oriente;-22,153;-50,091
3534203;Orindiúva;-20,182;-49,351
3534302;Orlândia;-20,72;-47,88700002
3534401;Osasco;-23,533;-46,792
3534500;Oscar Bressane;-22,318;-50,281
3534609;Osvaldo Cruz;-21,797;-50,879
3534708;Ourinhos;-22,979;-49,871
3534757;Ouroeste;-19,99755188;-50,37458618
3534807;Ouro Verde;-21,48898635;-51,7000118
3534906;Pacaembu;-21,56197723;-51,26092859
3535002;Palestina;-20,39;-49,433
3535101;Palmares Paulista;-21,083;-48,80100001
3535200;Palmeira d'Oeste;-20,416;-50,762
3535309;Palmital;-22,789;-50,218
3535408;Panorama;-21,35592296;-51,85993709
3535507;Paraguaçu Paulista;-22,413;-50,576
3535606;Paraibuna;-23,38800088;-45,66178428
3535705;Paraíso;-21,016;-48,77400001
3535804;Paranapanema;-23,389;-48,723
3535903;Paranapuã;-20,103;-50,586
3536000;Parapuã;-21,783;-50,793
3536109;Pardinho;-23,081;-48,374
3536208;Pariquera-Açu;-24,715;-47,881
3536257;Parisi;-20,304;-50,015
3536307;Patrocínio Paulista;-20,63899999;-47,28200004
3536406;Paulicéia;-21,31794613;-51,83112308
3536505;Paulínia;-22,761;-47,15400005
3536570;Paulistânia;-22,578;-49,403
3536604;Paulo de Faria;-20,03196848;-49,40288913
3536703;Pederneiras;-22,352;-48,77500001
3536802;Pedra Bela;-22,79299999;-46,4430001
3536901;Pedranópolis;-20,248;-50,11
3537008;Pedregulho;-20,25699999;-47,47700003
3537107;Pedreira;-22,742;-46,90100006
3537156;Pedrinhas Paulista;-22,815;-50,794
3537206;Pedro de Toledo;-24,275;-47,233
3537305;Penápolis;-21,42;-50,078
3537404;Pereira Barreto;-20,638;-51,109
3537503;Pereiras;-23,076;-47,976
3537602;Peruíbe;-24,32;-46,998
3537701;Piacatu;-21,592;-50,599
3537800;Piedade;-23,71263387;-47,42058367
3537909;Pilar do Sul;-23,813;-47,716
3538006;Pindamonhangaba;-22,92399999;-45,46200025
3538105;Pindorama;-21,186;-48,907
3538204;Pinhalzinho;-22,77899999;-46,59100008
3538303;Piquerobi;-21,88720746;-51,73097814
3538501;Piquete;-22,61097335;-45,181517
3538600;Piracaia;-23,0535801;-46,35659681
3538709;Piracicaba;-22,725;-47,64900003
3538808;Piraju;-23,194;-49,384
3538907;Pirajuí;-21,999;-49,457
3539004;Pirangi;-21,091;-48,65800001
3539103;Pirapora do Bom Jesus;-23,397;-47,002
3539202;Pirapozinho;-22,2748541;-51,50003771
3539301;Pirassununga;-22,00934358;-47,42776765
3539400;Piratininga;-22,413;-49,135
3539509;Pitangueiras;-21,009;-48,22200001
3539608;Planalto;-21,034;-49,929
3539707;Platina;-22,63627301;-50,20447376
3539806;Poá;-23,52734215;-46,34697944
3539905;Poloni;-20,78544664;-49,81447146
3540002;Pompéia;-22,109;-50,172
3540101;Pongaí;-21,73629801;-49,35845175
3540200;Pontal;-21,023;-48,03700002
3540259;Pontalinda;-20,441;-50,523
3540309;Pontes Gestal;-20,1827671;-49,70203512
3540408;Populina;-19,94290791;-50,53767175
3540507;Porangaba;-23,176;-48,125
3540606;Porto Feliz;-23,215;-47,524
3540705;Porto Ferreira;-21,854;-47,479
3540754;Potim;-22,84277777;-45,25138919
3540804;Potirendaba;-21,043;-49,377
3540853;Pracinha;-21,85316837;-51,08629999
3540903;Pradópolis;-21,359;-48,06600002
3541000;Praia Grande;-24,01346112;-46,45016272
3541059;Pratânia;-22,808;-48,66600001
3541109;Presidente Alves;-22,1;-49,43805556
3541208;Presidente Bernardes;-21,99906197;-51,56277176
3541307;Presidente Epitácio;-21,76297146;-52,11601117
3541406;Presidente Prudente;-22,12581879;-51,38887599
3541505;Presidente Venceslau;-21,87595129;-51,84391266
3541604;Promissão;-21,537;-49,858
3541653;Quadra;-23,299;-48,055
3541703;Quatá;-22,248;-50,698
3541802;Queiroz;-21,799;-50,24
3541901;Queluz;-22,53722466;-44,77495508
3542008;Quintana;-22,073;-50,308
3542107;Rafard;-23,012;-47,527
3542206;Rancharia;-22,229;-50,893
3542305;Redenção da Serra;-23,28085307;-45,53441611
3542404;Regente Feijó;-22,22093772;-51,30298052
3542503;Reginópolis;-21,888;-49,225
3542602;Registro;-24,488;-47,844
3542701;Restinga;-20,60299999;-47,48300003
3542800;Ribeira;-24,657;-49,009
3542909;Ribeirão Bonito;-22,067;-48,17600001
3543006;Ribeirão Branco;-24,221;-48,766
3543105;Ribeirão Corrente;-20,457;-47,59000003
3543204;Ribeirão do Sul;-22,784;-49,934
3543238;Ribeirão dos Índios;-21,8369029;-51,60405201
3543253;Ribeirão Grande;-24,099;-48,365
3543303;Ribeirão Pires;-23,71066125;-46,40424641
3543402;Ribeirão Preto;-21,178;-47,81
3543501;Riversul;-23,83032887;-49,43134381
3543600;Rifaina;-20,08099999;-47,42100004
3543709;Rincão;-21,587;-48,07100002
3543808;Rinópolis;-21,726;-50,722
3543907;Rio Claro;-22,411;-47,56100003
3544004;Rio das Pedras;-22,84378878;-47,60849857
3544103;Rio Grande da Serra;-23,74916717;-46,39762387
3544202;Riolândia;-19,99;-49,681
3544251;Rosana;-22,5800006;-53,05916448
3544301;Roseira;-22,89805555;-45,30527806
3544400;Rubiácea;-21,301;-50,727
3544509;Rubinéia;-20,17215842;-50,99854226
3544608;Sabino;-21,46;-49,578
3544707;Sagres;-21,884;-50,956
3544806;Sales;-21,34128237;-49,49732783
3544905;Sales Oliveira;-20,772;-47,83800002
3545001;Salesópolis;-23,53191509;-45,8484093
3545100;Salmourão;-21,624;-50,861
3545159;Saltinho;-22,847;-47,67700004
3545209;Salto;-23,201;-47,287
3545308;Salto de Pirapora;-23,649;-47,573
3545407;Salto Grande;-22,893;-49,986
3545506;Sandovalina;-22,45598841;-51,76301506
3545605;Santa Adélia;-21,243;-48,80400001
3545704;Santa Albertina;-20,032;-50,728
3545803;Santa Bárbara d'Oeste;-22,754;-47,41400003
3546009;Santa Branca;-23,3984722;-45,88391188
3546108;Santa Clara d'Oeste;-20,09196908;-50,92791862
3546207;Santa Cruz da Conceição;-22,13999999;-47,45200007
3546256;Santa Cruz da Esperança;-21,29238665;-47,42970196
3546306;Santa Cruz das Palmeiras;-21,82739153;-47,24896662
3546405;Santa Cruz do Rio Pardo;-22,899;-49,633
3546504;Santa Ernestina;-21,463;-48,39100001
3546603;Santa Fé do Sul;-20,211;-50,926
3546702;Santa Gertrudes;-22,457;-47,53000003
3546801;Santa Isabel;-23,31823381;-46,22968514
3546900;Santa Lúcia;-21,685;-48,08400002
3547007;Santa Maria da Serra;-22,567;-48,16100001
3547106;Santa Mercedes;-21,35091314;-51,754912
3547205;Santana da Ponte Pensa;-20,253;-50,797
3547304;Santana de Parnaíba;-23,444;-46,918
3547403;Santa Rita d'Oeste;-20,143;-50,833
3547502;Santa Rita do Passa Quatro;-21,71;-47,478
3547601;Santa Rosa de Viterbo;-21,473;-47,363
3547650;Santa Salete;-20,245;-50,688
3547700;Santo Anastácio;-21,97703193;-51,65199113
3547809;Santo André;-23,664;-46,538
3547908;Santo Antônio da Alegria;-21,087;-47,151
3548005;Santo Antônio de Posse;-22,606;-46,91900006
3548054;Santo Antônio do Aracanguá;-20,937;-50,496
3548104;Santo Antônio do Jardim;-22,11731634;-46,68452355
3548203;Santo Antônio do Pinhal;-22,82527338;-45,66733018
3548302;Santo Expedito;-21,85031581;-51,39359451
3548401;Santópolis do Aguapeí;-21,638;-50,5
3548500;Santos;-23,9506801;-46,33563681
3548609;São Bento do Sapucaí;-22,68899999;-45,73100019
3548708;São Bernardo do Campo;-23,694;-46,565
3548807;São Caetano do Sul;-23,623;-46,551
3548906;São Carlos;-22,018;-47,89100002
3549003;São Francisco;-20,359;-50,697
3549102;São João da Boa Vista;-21,969;-46,798
3549201;São João das Duas Pontes;-20,389;-50,378
3549250;São João de Iracema;-20,513;-50,352
3549300;São João do Pau d'Alho;-21,26796205;-51,66603356
3549409;São Joaquim da Barra;-20,581;-47,85500002
3549508;São José da Bela Vista;-20,593;-47,64000003
3549607;São José do Barreiro;-22,64441379;-44,57906425
3549706;São José do Rio Pardo;-21,596;-46,889
3549805;São José do Rio Preto;-20,82;-49,379
3549904;São José dos Campos;-23,19861444;-45,88602037
3549953;São Lourenço da Serra;-23,853;-46,943
3550001;São Luiz do Paraitinga;-23,22316595;-45,30957596
3550100;São Manuel;-22,731;-48,57100001
3550209;São Miguel Arcanjo;-23,878;-47,997
3550308;São Paulo;-23,56463242;-46,64814451
3550407;São Pedro;-22,549;-47,91400002
3550506;São Pedro do Turvo;-22,747;-49,74
3550605;São Roque;-23,529;-47,135
3550704;São Sebastião;-23,80659221;-45,4027501
3550803;São Sebastião da Grama;-21,711;-46,821
3550902;São Simão;-21,479;-47,551
3551009;São Vicente;-23,95355016;-46,39133615
3551108;Sarapuí;-23,641;-47,825
3551207;Sarutaiá;-23,273;-49,48
3551306;Sebastianópolis do Sul;-20,655;-49,921
3551405;Serra Azul;-21,311;-47,566
3551504;Serrana;-21,211;-47,596
3551603;Serra Negra;-22,61199999;-46,70100007
3551702;Sertãozinho;-21,13180413;-48,00961159
3551801;Sete Barras;-24,388;-47,926
3551900;Severínia;-20,809;-48,80300001
3552007;Silveiras;-22,66442211;-44,85215301
3552106;Socorro;-22,59099999;-46,52900009
3552205;Sorocaba;-23,502;-47,458
3552304;Sud Mennucci;-20,691;-50,924
3552403;Sumaré;-22,822;-47,26700004
3552502;Suzano;-23,54652216;-46,30966733
3552551;Suzanápolis;-20,501;-51,025
3552601;Tabapuã;-20,964;-49,032
3552700;Tabatinga;-21,73511102;-48,68714429
3552809;Taboão da Serra;-23,62611111;-46,79166667
3552908;Taciba;-22,38998814;-51,28506238
3553005;Taguaí;-23,452;-49,409
3553104;Taiaçu;-21,144;-48,51300001
3553203;Taiúva;-21,124;-48,45200001
3553302;Tambaú;-21,705;-47,274
3553401;Tanabi;-20,626;-49,649
3553500;Tapiraí;-23,964;-47,507
3553609;Tapiratiba;-21,468;-46,749
3553658;Taquaral;-21,072;-48,41000001
3553708;Taquaritinga;-21,406;-48,50500001
3553807;Taquarituba;-23,533;-49,244
3553856;Taquarivaí;-23,924;-48,693
3553906;Tarabai;-22,30488147;-51,56147981
3553955;Tarumã;-22,747;-50,577
3554003;Tatuí;-23,356;-47,857
3554102;Taubaté;-23,03058346;-45,57696268
3554201;Tejupá;-23,343;-49,376
3554300;Teodoro Sampaio;-22,53297568;-52,16802997
3554409;Terra Roxa;-20,789;-48,33000001
3554508;Tietê;-23,102;-47,715
3554607;Timburi;-23,20683331;-49,60496643
3554656;Torre de Pedra;-23,244;-48,195
3554706;Torrinha;-22,426;-48,16900001
3554755;Trabiju;-22,042;-48,33600001
3554805;Tremembé;-22,96372719;-45,55038237
3554904;Três Fronteiras;-20,235;-50,89
3554953;Tuiuti;-22,81599999;-46,69400007
3555000;Tupã;-21,935;-50,514
3555109;Tupi Paulista;-21,38647812;-51,57468814
3555208;Turiúba;-20,94976831;-50,10751768
3555307;Turmalina;-20,052;-50,476
3555356;Ubarana;-21,166;-49,718
3555406;Ubatuba;-23,43980406;-45,07692023
3555505;Ubirajara;-22,527;-49,663
3555604;Uchoa;-20,953;-49,175
3555703;União Paulista;-20,887;-49,897
3555802;Urânia;-20,246;-50,643
3555901;Uru;-21,784;-49,281
3556008;Urupês;-21,202;-49,29
3556107;Valentim Gentil;-20,422;-50,088
3556206;Valinhos;-23,01467765;-47,01189603
3556305;Valparaíso;-21,228;-50,868
3556354;Vargem;-22,88888888;-46,41361121
3556404;Vargem Grande do Sul;-21,832;-46,894
3556453;Vargem Grande Paulista;-23,603;-47,026
3556503;Várzea Paulista;-23,211;-46,828
3556602;Vera Cruz;-22,22;-49,819
3556701;Vinhedo;-23,03;-46,975
3556800;Viradouro;-20,873;-48,29700001
3556909;Vista Alegre do Alto;-21,171;-48,62900001
3556958;Vitória Brasil;-20,197;-50,484
3557006;Votorantim;-23,547;-47,438
3557105;Votuporanga;-20,423;-49,973
3557154;Zacarias;-21,052;-50,051
3557204;Chavantes;-23,039;-49,709
3557303;Estiva Gerbi;-22,27454202;-46,95189835
4100103;Abatiá;-23,304;-50,313
4100202;Adrianópolis;-24,657;-48,991
4100301;Agudos do Sul;-25,9874655;-49,33573219
4100400;Almirante Tamandaré;-25,34258069;-49,27527774
4100459;Altamira do Paraná;-24,79669716;-52,71796044
4100509;Altônia;-23,87198238;-53,89489459
4100608;Alto Paraná;-23,13079986;-52,31501227
4100707;Alto Piquiri;-24,02478414;-53,44292196
4100806;Alvorada do Sul;-22,77992779;-51,23092686
4100905;Amaporã;-23,09494869;-52,78595566
4101002;Ampére;-25,91936803;-53,47350618
4101051;Anahy;-24,64682273;-53,133633
4101101;Andirá;-23,051;-50,229
4101150;Ângulo;-23,1955874;-51,91076644
4101200;Antonina;-25,43357102;-48,72715819
4101309;Antônio Olinto;-25,98520975;-50,19821762
4101408;Apucarana;-23,55100792;-51,45106321
4101507;Arapongas;-23,40406631;-51,43285936
4101606;Arapoti;-24,14120155;-49,82400927
4101655;Arapuã;-24,30811343;-51,78880048
4101705;Araruna;-23,92909971;-52,48904906
4101804;Araucária;-25,53115629;-49,36302208
4101853;Ariranha do Ivaí;-24,38368329;-51,58833803
4101903;Assaí;-23,373;-50,841
4102000;Assis Chateaubriand;-24,40076736;-53,51435618
4102109;Astorga;-23,23795763;-51,66597994
4102208;Atalaia;-23,15112905;-52,05612889
4102307;Balsa Nova;-25,58248725;-49,63078574
4102406;Bandeirantes;-23,11;-50,368
4102505;Barbosa Ferraz;-24,02551584;-52,00740956
4102604;Barracão;-26,25247572;-53,63478676
4102703;Barra do Jacaré;-23,115;-50,181
4102752;Bela Vista da Caroba;-25,88010635;-53,6664991
4102802;Bela Vista do Paraíso;-23,00476282;-51,19456436
4102901;Bituruna;-26,15876109;-51,55552634
4103008;Boa Esperança;-24,24296703;-52,78744624
4103024;Boa Esperança do Iguaçu;-25,63615161;-53,21469707
4103040;Boa Ventura de São Roque;-24,88108892;-51,5430771
4103057;Boa Vista da Aparecida;-25,43720287;-53,40715596
4103107;Bocaiúva do Sul;-25,21147103;-49,10952583
4103156;Bom Jesus do Sul;-26,19318565;-53,59859771
4103206;Bom Sucesso;-23,70921642;-51,76700764
4103222;Bom Sucesso do Sul;-26,07542583;-52,8359503
4103305;Borrazópolis;-23,93777375;-51,58735953
4103354;Braganey;-24,81713604;-53,1185139
4103370;Brasilândia do Sul;-24,1975164;-53,52715559
4103404;Cafeara;-22,79010188;-51,71309724
4103453;Cafelândia;-24,62173147;-53,32138076
4103479;Cafezal do Sul;-23,90267037;-53,5155287
4103503;Califórnia;-23,6660221;-51,35610796
4103602;Cambará;-23,046;-50,074
4103701;Cambé;-23,28657464;-51,25485387
4103800;Cambira;-23,598368;-51,57990697
4103909;Campina da Lagoa;-24,59290262;-52,80414189
4103958;Campina do Simão;-25,10721099;-51,80887437
4104006;Campina Grande do Sul;-25,3088932;-49,05511481
4104055;Campo Bonito;-25,03166598;-52,99279749
4104105;Campo do Tenente;-25,98137615;-49,68440826
4104204;Campo Largo;-25,4578642;-49,54058232
4104253;Campo Magro;-25,37459285;-49,45330678
4104303;Campo Mourão;-24,03624837;-52,37699691
4104402;Cândido de Abreu;-24,57002483;-51,34252262
4104428;Candói;-25,56890962;-52,048795
4104451;Cantagalo;-25,37685688;-52,11952008
4104501;Capanema;-25,66926801;-53,80452965
4104600;Capitão Leônidas Marques;-25,48693469;-53,60765674
4104659;Carambeí;-24,95012751;-50,12184635
4104709;Carlópolis;-23,425;-49,721
4104808;Cascavel;-24,95826922;-53,45431539
4104907;Castro;-24,791;-50,012
4105003;Catanduvas;-25,20322629;-53,15360136
4105102;Centenário do Sul;-22,82108434;-51,59501902
4105201;Cerro Azul;-24,824;-49,261
4105300;Céu Azul;-25,14813149;-53,84800407
4105409;Chopinzinho;-25,85455543;-52,53173871
4105508;Cianorte;-23,6672253;-52,61253238
4105607;Cidade Gaúcha;-23,38192103;-52,94400544
4105706;Clevelândia;-26,40777968;-52,35648072
4105805;Colombo;-25,2911362;-49,22922583
4105904;Colorado;-22,83796075;-51,97302719
4106001;Congonhinhas;-23,55064242;-50,55044202
4106100;Conselheiro Mairinck;-23,6225865;-50,17008316
4106209;Contenda;-25,67902733;-49,53292668
4106308;Corbélia;-24,79681522;-53,29619005
4106407;Cornélio Procópio;-23,181;-50,647
4106456;Coronel Domingos Soares;-26,22720569;-52,03018116
4106506;Coronel Vivida;-25,9850973;-52,5681196
4106555;Corumbataí do Sul;-24,1009782;-52,12103621
4106571;Cruzeiro do Iguaçu;-25,61605826;-53,12941961
4106605;Cruzeiro do Oeste;-23,78540371;-53,07154762
4106704;Cruzeiro do Sul;-22,96199317;-52,16100887
4106803;Cruz Machado;-26,01906658;-51,35403779
4106852;Cruzmaltina;-23,9933276;-51,44424665
4106902;Curitiba;-25,45959738;-49,26475736
4107009;Curiúva;-24,033;-50,458
4107108;Diamante do Norte;-22,65597271;-52,8600457
4107124;Diamante do Sul;-25,04289785;-52,67990929
4107157;Diamante D'Oeste;-24,94529058;-54,10051124
4107207;Dois Vizinhos;-25,75222443;-53,06326609
4107256;Douradina;-23,38376477;-53,2925176
4107306;Doutor Camargo;-23,55430893;-52,2219891
4107405;Enéas Marques;-25,94527756;-53,16027862
4107504;Engenheiro Beltrão;-23,8003298;-52,25683953
4107520;Esperança Nova;-23,72471024;-53,8110549
4107538;Entre Rios do Oeste;-24,70390807;-54,24355004
4107546;Espigão Alto do Iguaçu;-25,42589265;-52,83867556
4107553;Farol;-24,09379969;-52,62237453
4107603;Faxinal;-23,99609788;-51,31992846
4107652;Fazenda Rio Grande;-25,65363456;-49,31281579
4107702;Fênix;-23,9160677;-51,97916417
4107736;Fernandes Pinheiro;-25,4132533;-50,54932556
4107751;Figueira;-23,849;-50,403
4107801;Floraí;-23,32009951;-52,30210904
4107850;Flor da Serra do Sul;-26,25664705;-53,30967418
4107900;Floresta;-23,61249254;-52,08202974
4108007;Florestópolis;-22,86506366;-51,39156268
4108106;Flórida;-23,08672577;-51,95326769
4108205;Formosa do Oeste;-24,29508603;-53,31467861
4108304;Foz do Iguaçu;-25,52166992;-54,56004239
4108320;Francisco Alves;-24,06956921;-53,84657458
4108403;Francisco Beltrão;-26,06536628;-53,05214961
4108452;Foz do Jordão;-25,73517149;-52,11799433
4108502;General Carneiro;-26,4206914;-51,31203867
4108551;Godoy Moreira;-24,19239257;-51,9231553
4108601;Goioerê;-24,18448928;-53,02510029
4108650;Goioxim;-25,19659127;-51,99210817
4108700;Grandes Rios;-24,1455795;-51,50703508
4108809;Guaíra;-24,08925973;-54,25182288
4108908;Guairaçá;-22,9340084;-52,68602191
4108957;Guamiranga;-25,19049424;-50,81125608
4109005;Guapirama;-23,51590748;-50,04032372
4109104;Guaporema;-23,34009561;-52,77733037
4109203;Guaraci;-22,97291858;-51,64999917
4109302;Guaraniaçu;-25,10075235;-52,86758098
4109401;Guarapuava;-25,3853493;-51,47386025
4109500;Guaraqueçaba;-25,29782425;-48,32081913
4109609;Guaratuba;-25,88478108;-48,58308823
4109658;Honório Serpa;-26,143498;-52,38368951
4109708;Ibaiti;-23,849;-50,188
4109757;Ibema;-25,11730309;-53,01312188
4109807;Ibiporã;-23,27046734;-51,05591738
4109906;Icaraíma;-23,39385761;-53,62146273
4110003;Iguaraçu;-23,19704803;-51,8262131
4110052;Iguatu;-24,71696521;-53,08622668
4110078;Imbaú;-24,445;-50,761
4110102;Imbituva;-25,23257134;-50,60215884
4110201;Inácio Martins;-25,57295801;-51,07784986
4110300;Inajá;-22,75154968;-52,19979867
4110409;Indianópolis;-23,47950756;-52,69801899
4110508;Ipiranga;-25,02354304;-50,58544373
4110607;Iporã;-24,00496712;-53,71234234
4110656;Iracema do Oeste;-24,42803388;-53,35530747
4110706;Irati;-25,47717943;-50,65209009
4110805;Iretama;-24,42189082;-52,10376865
4110904;Itaguajé;-22,61793247;-51,96600494
4110953;Itaipulândia;-25,13965366;-54,29945948
4111001;Itambaracá;-23,018;-50,406
4111100;Itambé;-23,65749914;-51,99226422
4111209;Itapejara d'Oeste;-25,96603476;-52,81601195
4111258;Itaperuçu;-25,21832477;-49,34730355
4111308;Itaúna do Sul;-22,73094865;-52,88693477
4111407;Ivaí;-25,00683601;-50,85441386
4111506;Ivaiporã;-24,24271458;-51,67440612
4111555;Ivaté;-23,40809885;-53,37201579
4111605;Ivatuba;-23,61959373;-52,21981209
4111704;Jaboti;-23,74295576;-50,07580755
4111803;Jacarezinho;-23,161;-49,969
4111902;Jaguapitã;-23,11283701;-51,53235148
4112009;Jaguariaíva;-24,251;-49,706
4112108;Jandaia do Sul;-23,59780522;-51,64303459
4112207;Janiópolis;-24,14291665;-52,77808664
4112306;Japira;-23,813;-50,139
4112405;Japurá;-23,47135266;-52,55456391
4112504;Jardim Alegre;-24,18015247;-51,6913599
4112603;Jardim Olinda;-22,55212634;-52,03744367
4112702;Jataizinho;-23,254;-50,98
4112751;Jesuítas;-24,37993745;-53,38641936
4112801;Joaquim Távora;-23,50298363;-49,92396292
4112900;Jundiaí do Sul;-23,437;-50,248
4112959;Juranda;-24,42001589;-52,83897992
4113007;Jussara;-23,62208067;-52,47114264
4113106;Kaloré;-23,8237034;-51,6694629
4113205;Lapa;-25,76470235;-49,7209686
4113254;Laranjal;-24,89053813;-52,47241943
4113304;Laranjeiras do Sul;-25,40360046;-52,40858508
4113403;Leópolis;-23,08;-50,751
4113429;Lidianópolis;-24,10731415;-51,6538737
4113452;Lindoeste;-25,25874415;-53,57570186
4113502;Loanda;-22,92868442;-53,13532233
4113601;Lobato;-23,00847217;-51,95177069
4113700;Londrina;-23,30775785;-51,16891931
4113734;Luiziana;-24,28309382;-52,27698242
4113759;Lunardelli;-24,07835968;-51,74220678
4113809;Lupionópolis;-22,75488518;-51,65709728
4113908;Mallet;-25,88111265;-50,82420927
4114005;Mamborê;-24,31493306;-52,52831833
4114104;Mandaguaçu;-23,33986974;-52,10114482
4114203;Mandaguari;-23,51909077;-51,68192461
4114302;Mandirituba;-25,77395046;-49,32338523
4114351;Manfrinópolis;-26,14480291;-53,30975909
4114401;Mangueirinha;-25,93794799;-52,17387072
4114500;Manoel Ribas;-24,51862544;-51,66814833
4114609;Marechal Cândido Rondon;-24,5558546;-54,05416111
4114708;Maria Helena;-23,61736278;-53,20577472
4114807;Marialva;-23,48063141;-51,80110917
4114906;Marilândia do Sul;-23,74713915;-51,30282601
4115002;Marilena;-22,73596344;-53,04004022
4115101;Mariluz;-24,00695493;-53,14792376
4115200;Maringá;-23,41903055;-51,93492802
4115309;Mariópolis;-26,35563277;-52,55317808
4115358;Maripá;-24,41997061;-53,83113019
4115408;Marmeleiro;-26,14886358;-53,02716616
4115457;Marquinho;-25,11274153;-52,25859067
4115507;Marumbi;-23,70755254;-51,64116645
4115606;Matelândia;-25,24157636;-53,98080627
4115705;Matinhos;-25,78953601;-48,52518891
4115739;Mato Rico;-24,70510912;-52,14840869
4115754;Mauá da Serra;-23,90060522;-51,22826242
4115804;Medianeira;-25,29285045;-54,09552216
4115853;Mercedes;-24,45209037;-54,16450554
4115903;Mirador;-23,2557563;-52,77481266
4116000;Miraselva;-22,96715075;-51,48533522
4116059;Missal;-25,0933247;-54,24424067
4116109;Moreira Sales;-24,05108703;-53,01005256
4116208;Morretes;-25,47761863;-48,83258594
4116307;Munhoz de Melo;-23,14781581;-51,77439144
4116406;Nossa Senhora das Graças;-22,91398211;-51,79413957
4116505;Nova Aliança do Ivaí;-23,17762436;-52,60331544
4116604;Nova América da Colina;-23,331;-50,718
4116703;Nova Aurora;-24,52645598;-53,25890325
4116802;Nova Cantu;-24,67287619;-52,57118872
4116901;Nova Esperança;-23,18609014;-52,19971266
4116950;Nova Esperança do Sudoeste;-25,90018779;-53,26177284
4117008;Nova Fátima;-23,432;-50,564
4117057;Nova Laranjeiras;-25,30715507;-52,54138581
4117107;Nova Londrina;-22,76595316;-52,98502208
4117206;Nova Olímpia;-23,47467981;-53,08690733
4117214;Nova Santa Bárbara;-23,59355168;-50,75933791
4117222;Nova Santa Rosa;-24,46649237;-53,95373036
4117255;Nova Prata do Iguaçu;-25,6362716;-53,34320147
4117271;Nova Tebas;-24,43903334;-51,94762053
4117297;Novo Itacolomi;-23,76283496;-51,50598267
4117305;Ortigueira;-24,2119818;-50,92743533
4117404;Ourizona;-23,40505504;-52,19540768
4117453;Ouro Verde do Oeste;-24,7740597;-53,90494764
4117503;Paiçandu;-23,45864692;-52,0395436
4117602;Palmas;-26,48215635;-51,99861289
4117701;Palmeira;-25,42899163;-50,00135143
4117800;Palmital;-24,88575832;-52,20967379
4117909;Palotina;-24,28390762;-53,83935183
4118006;Paraíso do Norte;-23,28321021;-52,60440782
4118105;Paranacity;-22,92994096;-52,15104495
4118204;Paranaguá;-25,53920022;-48,53404407
4118303;Paranapoema;-22,65627799;-52,08397163
4118402;Paranavaí;-23,08349198;-52,46261831
4118451;Pato Bragado;-24,62802126;-54,22482608
4118501;Pato Branco;-26,23560402;-52,67811037
4118600;Paula Freitas;-26,20965089;-50,93677771
4118709;Paulo Frontin;-26,04345558;-50,83270752
4118808;Peabiru;-23,9154053;-52,34337031
4118857;Perobal;-23,89511841;-53,40943353
4118907;Pérola;-23,80155255;-53,68080165
4119004;Pérola d'Oeste;-25,82644778;-53,74167625
4119103;Piên;-26,10319085;-49,42663277
4119152;Pinhais;-25,42109333;-49,17617021
4119202;Pinhalão;-23,793;-50,056
4119251;Pinhal de São Bento;-26,03351228;-53,48396239
4119301;Pinhão;-25,69589959;-51,65384229
4119400;Piraí do Sul;-24,53348911;-49,94015501
4119509;Piraquara;-25,44845915;-49,06530194
4119608;Pitanga;-24,75773406;-51,76301251
4119657;Pitangueiras;-23,23399966;-51,58388917
4119707;Planaltina do Paraná;-23,02439084;-52,91595995
4119806;Planalto;-25,71859521;-53,7658293
4119905;Ponta Grossa;-25,09250161;-50,15836751
4119954;Pontal do Paraná;-25,67676038;-48,45830214
4120002;Porecatu;-22,75608742;-51,37912817
4120101;Porto Amazonas;-25,54790086;-49,89777424
4120150;Porto Barreiro;-25,54740036;-52,40764909
4120200;Porto Rico;-22,77217519;-53,26694258
4120309;Porto Vitória;-26,1637573;-51,2277081
4120333;Prado Ferreira;-23,03778129;-51,44335244
4120358;Pranchita;-26,02037565;-53,73941174
4120408;Presidente Castelo Branco;-23,27894944;-52,15466949
4120507;Primeiro de Maio;-22,85097449;-51,02798311
4120606;Prudentópolis;-25,21062246;-50,98006231
4120655;Quarto Centenário;-24,27999265;-53,07623062
4120705;Quatiguá;-23,567;-49,914
4120804;Quatro Barras;-25,36956382;-49,07631943
4120853;Quatro Pontes;-24,57134511;-53,97619411
4120903;Quedas do Iguaçu;-25,45226413;-52,90630132
4121000;Querência do Norte;-23,08675544;-53,48507775
4121109;Quinta do Sol;-23,84903196;-52,13258366
4121208;Quitandinha;-25,87101216;-49,49955917
4121257;Ramilândia;-25,11997925;-54,0293756
4121307;Rancho Alegre;-23,07;-50,913
4121356;Rancho Alegre D'Oeste;-24,3097791;-52,95372067
4121406;Realeza;-25,77230829;-53,53409951
4121505;Rebouças;-25,62387034;-50,69192659
4121604;Renascença;-26,15887837;-52,97106779
4121703;Reserva;-24,65224645;-50,84979513
4121752;Reserva do Iguaçu;-25,83813688;-52,02935604
4121802;Ribeirão Claro;-23,194;-49,758
4121901;Ribeirão do Pinhal;-23,408;-50,357
4122008;Rio Azul;-25,72689248;-50,78980477
4122107;Rio Bom;-23,76297219;-51,41233364
4122156;Rio Bonito do Iguaçu;-25,49217794;-52,52863244
4122172;Rio Branco do Ivaí;-24,3198043;-51,31430707
4122206;Rio Branco do Sul;-25,18578715;-49,31247314
4122305;Rio Negro;-26,09235951;-49,78680777
4122404;Rolândia;-23,31525438;-51,37564508
4122503;Roncador;-24,59547004;-52,27447144
4122602;Rondon;-23,41797271;-52,77208287
4122651;Rosário do Ivaí;-24,25606774;-51,24980837
4122701;Sabáudia;-23,32240013;-51,55311141
4122800;Salgado Filho;-26,17498048;-53,3606884
4122909;Salto do Itararé;-23,60431388;-49,62797904
4123006;Salto do Lontra;-25,78403585;-53,30948309
4123105;Santa Amélia;-23,266;-50,424
4123204;Santa Cecília do Pavão;-23,517;-50,784
4123303;Santa Cruz de Monte Castelo;-22,95787265;-53,29462506
4123402;Santa Fé;-23,03975262;-51,81124676
4123501;Santa Helena;-24,86142256;-54,33625242
4123600;Santa Inês;-22,64075719;-51,9029988
4123709;Santa Isabel do Ivaí;-22,99924946;-53,19763712
4123808;Santa Izabel do Oeste;-25,81988087;-53,48060729
4123824;Santa Lúcia;-25,40772122;-53,56796977
4123857;Santa Maria do Oeste;-24,93906073;-51,87082713
4123907;Santa Mariana;-23,151;-50,519
4123956;Santa Mônica;-23,10795189;-53,1106717
4124004;Santana do Itararé;-23,755;-49,629
4124020;Santa Tereza do Oeste;-25,05123046;-53,61626367
4124053;Santa Terezinha de Itaipu;-25,44247982;-54,40517213
4124103;Santo Antônio da Platina;-23,295;-50,077
4124202;Santo Antônio do Caiuá;-22,73492917;-52,34204567
4124301;Santo Antônio do Paraíso;-23,494;-50,646
4124400;Santo Antônio do Sudoeste;-26,06898722;-53,72601522
4124509;Santo Inácio;-22,69802101;-51,79403189
4124608;São Carlos do Ivaí;-23,31675866;-52,47605696
4124707;São Jerônimo da Serra;-23,71503529;-50,73997227
4124806;São João;-25,8280916;-52,7254475
4124905;São João do Caiuá;-22,85197395;-52,33701759
4125001;São João do Ivaí;-23,99341542;-51,81989149
4125100;São João do Triunfo;-25,68438267;-50,29903914
4125209;São Jorge d'Oeste;-25,70859734;-52,91820518
4125308;São Jorge do Ivaí;-23,43628028;-52,29259049
4125357;São Jorge do Patrocínio;-23,76177779;-53,88112559
4125407;São José da Boa Vista;-23,916;-49,652
4125456;São José das Palmeiras;-24,83491002;-54,06295325
4125506;São José dos Pinhais;-25,49533651;-49,17410803
4125555;São Manoel do Paraná;-23,39525855;-52,64603663
4125605;São Mateus do Sul;-25,87298897;-50,39048208
4125704;São Miguel do Iguaçu;-25,34948795;-54,24202096
4125753;São Pedro do Iguaçu;-24,93365912;-53,85788871
4125803;São Pedro do Ivaí;-23,86800204;-51,85508312
4125902;São Pedro do Paraná;-22,82430733;-53,22252784
4126009;São Sebastião da Amoreira;-23,465;-50,761
4126108;São Tomé;-23,53488266;-52,59003678
4126207;Sapopema;-23,911;-50,58
4126256;Sarandi;-23,44254851;-51,86991561
4126272;Saudade do Iguaçu;-25,69522167;-52,61819813
4126306;Sengés;-24,113;-49,464
4126355;Serranópolis do Iguaçu;-25,38194201;-54,05366984
4126405;Sertaneja;-23,03860604;-50,81735767
4126504;Sertanópolis;-23,05863053;-51,03799315
4126603;Siqueira Campos;-23,689;-49,834
4126652;Sulina;-25,70111178;-52,72182172
4126678;Tamarana;-23,72307822;-51,0945802
4126702;Tamboara;-23,19974999;-52,49843313
4126801;Tapejara;-23,73396945;-52,86604448
4126900;Tapira;-23,31909405;-53,07015494
4127007;Teixeira Soares;-25,37544663;-50,46375074
4127106;Telêmaco Borba;-24,324;-50,616
4127205;Terra Boa;-23,76927825;-52,44634366
4127304;Terra Rica;-22,72640156;-52,62035143
4127403;Terra Roxa;-24,16684294;-54,09677877
4127502;Tibagi;-24,509;-50,414
4127601;Tijucas do Sul;-25,92279079;-49,18140471
4127700;Toledo;-24,73067203;-53,73795597
4127809;Tomazina;-23,778;-49,95
4127858;Três Barras do Paraná;-25,42240064;-53,18340604
4127882;Tunas do Paraná;-24,974;-49,086
4127908;Tuneiras do Oeste;-23,86903036;-52,87597305
4127957;Tupãssi;-24,5853048;-53,51320981
4127965;Turvo;-25,04336906;-51,53786796
4128005;Ubiratã;-24,5429113;-52,98903194
4128104;Umuarama;-23,76854933;-53,30565647
4128203;União da Vitória;-26,22829878;-51,09082698
4128302;Uniflor;-23,08609189;-52,15837331
4128401;Uraí;-23,198;-50,796
4128500;Wenceslau Braz;-23,874;-49,803
4128534;Ventania;-24,246;-50,243
4128559;Vera Cruz do Oeste;-25,05858544;-53,87718324
4128609;Verê;-25,87939552;-52,90723493
4128625;Alto Paraíso;-23,50748622;-53,72777306
4128633;Doutor Ulysses;-24,568;-49,42
4128658;Virmond;-25,38202934;-52,202699
4128708;Vitorino;-26,26605604;-52,77957834
4128807;Xambrê;-23,73510224;-53,48952033
4200051;Abdon Batista;-27,60961799;-51,02537557
4200101;Abelardo Luz;-26,56803078;-52,32931876
4200200;Agrolândia;-27,40483169;-49,82690826
4200309;Agronômica;-27,26695452;-49,71158603
4200408;Água Doce;-26,99912342;-51,55478492
4200507;Águas de Chapecó;-27,07278898;-52,98631629
4200556;Águas Frias;-26,88043204;-52,85982134
4200606;Águas Mornas;-27,70016242;-48,81681874
4200705;Alfredo Wagner;-27,69980928;-49,33478766
4200754;Alto Bela Vista;-27,43209519;-51,90545493
4200804;Anchieta;-26,53620027;-53,32916956
4200903;Angelina;-27,57834918;-48,98328227
4201000;Anita Garibaldi;-27,68777423;-51,12722277
4201109;Anitápolis;-27,9029508;-49,12776031
4201208;Antônio Carlos;-27,51789795;-48,76062738
4201257;Apiúna;-27,03767823;-49,39055843
4201273;Arabutã;-27,15758282;-52,1442137
4201307;Araquari;-26,37562298;-48,71886924
4201406;Araranguá;-28,94526883;-49,4829798
4201505;Armazém;-28,26286467;-49,01987849
4201604;Arroio Trinta;-26,92999905;-51,33801038
4201653;Arvoredo;-27,07394962;-52,45804206
4201703;Ascurra;-26,95860777;-49,37434717
4201802;Atalanta;-27,42222068;-49,78114364
4201901;Aurora;-27,31597001;-49,6363745
4201950;Balneário Arroio do Silva;-28,98601088;-49,41666472
4202008;Balneário Camboriú;-26,99181861;-48,63461748
4202057;Balneário Barra do Sul;-26,4581026;-48,61837613
4202073;Balneário Gaivota;-29,15693609;-49,57889963
4202081;Bandeirante;-26,76804636;-53,63803519
4202099;Barra Bonita;-26,65321452;-53,44001072
4202107;Barra Velha;-26,64217742;-48,69062017
4202131;Bela Vista do Toldo;-26,27510874;-50,46441559
4202156;Belmonte;-26,84420827;-53,58021505
4202206;Benedito Novo;-26,77934622;-49,36634448
4202305;Biguaçu;-27,52295554;-48,64271844
4202404;Blumenau;-26,88390412;-49,09561573
4202438;Bocaina do Sul;-27,74230743;-49,94648926
4202453;Bombinhas;-27,17975174;-48,50263047
4202503;Bom Jardim da Serra;-28,3401447;-49,62687645
4202537;Bom Jesus;-26,73478998;-52,39195494
4202578;Bom Jesus do Oeste;-26,69229819;-53,09530929
4202602;Bom Retiro;-27,80052629;-49,49066161
4202701;Botuverá;-27,20082913;-49,07390992
4202800;Braço do Norte;-28,27813573;-49,15890761
4202859;Braço do Trombudo;-27,36408628;-49,89007313
4202875;Brunópolis;-27,31075636;-50,83598409
4202909;Brusque;-27,10188848;-48,91297132
4203006;Caçador;-26,78401564;-51,0060305
4203105;Caibi;-27,07454157;-53,24874065
4203154;Calmon;-26,60222921;-51,09965418
4203204;Camboriú;-27,02833931;-48,6351318
4203253;Capão Alto;-27,93771256;-50,50992912
4203303;Campo Alegre;-26,1962417;-49,26582751
4203402;Campo Belo do Sul;-27,90104411;-50,75737247
4203501;Campo Erê;-26,39567235;-53,07982645
4203600;Campos Novos;-27,39796479;-51,22266986
4203709;Canelinha;-27,26533104;-48,76627037
4203808;Canoinhas;-26,17554375;-50,3993568
4203907;Capinzal;-27,34766255;-51,60625809
4203956;Capivari de Baixo;-28,44053113;-48,95211803
4204004;Catanduvas;-27,06865063;-51,65830059
4204103;Caxambu do Sul;-27,16086393;-52,88089215
4204152;Celso Ramos;-27,63425724;-51,33624242
4204178;Cerro Negro;-27,79531107;-50,87348349
4204194;Chapadão do Lageado;-27,58599981;-49,54636719
4204202;Chapecó;-27,09437955;-52,61752748
4204251;Cocal do Sul;-28,59844224;-49,32459123
4204301;Concórdia;-27,22983391;-52,03622028
4204350;Cordilheira Alta;-26,98541661;-52,60473886
4204400;Coronel Freitas;-26,90514237;-52,7021476
4204459;Coronel Martins;-26,51306593;-52,66937737
4204509;Corupá;-26,42989096;-49,24002381
4204558;Correia Pinto;-27,58668633;-50,36124752
4204608;Criciúma;-28,68393148;-49,3866048
4204707;Cunha Porã;-26,89347637;-53,17239516
4204756;Cunhataí;-26,9731397;-53,09329049
4204806;Curitibanos;-27,29375349;-50,5739283
4204905;Descanso;-26,82271925;-53,5031576
4205001;Dionísio Cerqueira;-26,26051822;-53,63405238
4205100;Dona Emma;-26,983978;-49,72884359
4205159;Doutor Pedrinho;-26,71820908;-49,48681507
4205175;Entre Rios;-26,72351582;-52,56407304
4205191;Ermo;-28,98474067;-49,64378685
4205209;Erval Velho;-27,27953485;-51,44326873
4205308;Faxinal dos Guedes;-26,85216289;-52,26050017
4205357;Flor do Sertão;-26,77917441;-53,3463216
4205407;Florianópolis;-27,59953709;-48,54047245
4205431;Formosa do Sul;-26,647936;-52,79440871
4205456;Forquilhinha;-28,75065095;-49,47732536
4205506;Fraiburgo;-27,0242866;-50,92355572
4205555;Frei Rogério;-27,17457693;-50,80794324
4205605;Galvão;-26,4543275;-52,68867366
4205704;Garopaba;-28,02740481;-48,62743283
4205803;Garuva;-26,03036104;-48,85180491
4205902;Gaspar;-26,93015429;-48,95717215
4206009;Governador Celso Ramos;-27,31579382;-48,55599408
4206108;Grão-Pará;-28,18553189;-49,21469462
4206207;Gravatal;-28,32912243;-49,03965464
4206306;Guabiruba;-27,08269119;-48,987453
4206405;Guaraciaba;-26,59712088;-53,52113802
4206504;Guaramirim;-26,472338;-48,99788918
4206603;Guarujá do Sul;-26,38649866;-53,52607355
4206652;Guatambú;-27,13265012;-52,78687125
4206702;Herval d'Oeste;-27,1756123;-51,49275102
4206751;Ibiam;-27,18058348;-51,2394277
4206801;Ibicaré;-27,08962964;-51,36771062
4206900;Ibirama;-27,05901514;-49,52529772
4207007;Içara;-28,71186084;-49,29833266
4207106;Ilhota;-26,90625068;-48,8232636
4207205;Imaruí;-28,34312426;-48,81567987
4207304;Imbituba;-28,23932112;-48,67002783
4207403;Imbuia;-27,49338721;-49,4210359
4207502;Indaial;-26,90550783;-49,23414166
4207577;Iomerê;-27,00102517;-51,24001386
4207601;Ipira;-27,40914153;-51,77318585
4207650;Iporã do Oeste;-26,98790481;-53,53517181
4207684;Ipuaçu;-26,63426612;-52,45573026
4207700;Ipumirim;-27,07835432;-52,13680891
4207759;Iraceminha;-26,82436737;-53,27326089
4207809;Irani;-27,02235888;-51,89539874
4207858;Irati;-26,65755407;-52,89464551
4207908;Irineópolis;-26,24172537;-50,79827317
4208005;Itá;-27,27541494;-52,34474134
4208104;Itaiópolis;-26,34060674;-49,90806198
4208203;Itajaí;-26,91516639;-48,67117868
4208302;Itapema;-27,09520467;-48,61895336
4208401;Itapiranga;-27,17323536;-53,71599434
4208450;Itapoá;-26,07551471;-48,61060566
4208500;Ituporanga;-27,41665034;-49,59563319
4208609;Jaborá;-27,17318802;-51,73840155
4208708;Jacinto Machado;-29,00247587;-49,76457201
4208807;Jaguaruna;-28,623643;-49,02486945
4208906;Jaraguá do Sul;-26,48938655;-49,09403197
4208955;Jardinópolis;-26,72090976;-52,85857133
4209003;Joaçaba;-27,17404231;-51,51499214
4209102;Joinville;-26,30708303;-48,83454668
4209151;José Boiteux;-26,96164531;-49,62659173
4209177;Jupiá;-26,39802483;-52,72951038
4209201;Lacerdópolis;-27,2619496;-51,5579938
4209300;Lages;-27,81084612;-50,32159544
4209409;Laguna;-28,49100846;-48,77069251
4209458;Lajeado Grande;-26,85840228;-52,5661641
4209508;Laurentino;-27,2169093;-49,73220786
4209607;Lauro Müller;-28,39274684;-49,39615497
4209706;Lebon Régis;-26,93294017;-50,69131372
4209805;Leoberto Leal;-27,50592803;-49,28872098
4209854;Lindóia do Sul;-27,05238383;-52,08642106
4209904;Lontras;-27,16461132;-49,53835982
4210001;Luiz Alves;-26,71277014;-48,90992245
4210035;Luzerna;-27,12916293;-51,46888705
4210050;Macieira;-26,85404556;-51,37567729
4210100;Mafra;-26,12346377;-49,81125814
4210209;Major Gercino;-27,41599798;-48,95204261
4210308;Major Vieira;-26,3662344;-50,32558363
4210407;Maracajá;-28,85895375;-49,45154508
4210506;Maravilha;-26,7667155;-53,17972188
4210555;Marema;-26,80200977;-52,62667233
4210605;Massaranduba;-26,60476835;-48,99656814
4210704;Matos Costa;-26,47248854;-51,14940377
4210803;Meleiro;-28,82918143;-49,63330136
4210852;Mirim Doce;-27,20055539;-50,06942299
4210902;Modelo;-26,77727766;-53,0563522
4211009;Mondaí;-27,10302539;-53,39931975
4211058;Monte Carlo;-27,22344248;-50,97819437
4211108;Monte Castelo;-26,45728114;-50,23443802
4211207;Morro da Fumaça;-28,65546709;-49,21029465
4211256;Morro Grande;-28,80102748;-49,71902368
4211306;Navegantes;-26,89110148;-48,65551187
4211405;Nova Erechim;-26,9022776;-52,90644006
4211454;Nova Itaberaba;-26,94201411;-52,81085008
4211504;Nova Trento;-27,2863969;-48,93180568
4211603;Nova Veneza;-28,64146973;-49,50322475
4211652;Novo Horizonte;-26,4454321;-52,83458143
4211702;Orleans;-28,35653951;-49,28930872
4211751;Otacílio Costa;-27,5042298;-50,11684825
4211801;Ouro;-27,33420231;-51,6047985
4211850;Ouro Verde;-26,69598217;-52,30710691
4211876;Paial;-27,25520592;-52,49988243
4211892;Painel;-27,92241674;-50,10183054
4211900;Palhoça;-27,63299989;-48,67609694
4212007;Palma Sola;-26,34848826;-53,27717656
4212056;Palmeira;-27,58155851;-50,15974085
4212106;Palmitos;-27,06951497;-53,16162716
4212205;Papanduva;-26,40617007;-50,14342381
4212239;Paraíso;-26,61924351;-53,67412234
4212254;Passo de Torres;-29,31599844;-49,72400046
4212270;Passos Maia;-26,78050681;-52,0625783
4212304;Paulo Lopes;-27,95782694;-48,67663589
4212403;Pedras Grandes;-28,43702143;-49,18551098
4212502;Penha;-26,78287396;-48,63457537
4212601;Peritiba;-27,37365666;-51,90684139
4212650;Pescaria Brava;-28,38457294;-48,86594549
4212700;Petrolândia;-27,53466269;-49,69738737
4212809;Balneário Piçarras;-26,73640117;-48,68375178
4212908;Pinhalzinho;-26,84974138;-52,98731207
4213005;Pinheiro Preto;-27,04795754;-51,22992337
4213104;Piratuba;-27,42204916;-51,78058699
4213153;Planalto Alegre;-27,06844165;-52,86566592
4213203;Pomerode;-26,73409477;-49,17174395
4213302;Ponte Alta;-27,48477339;-50,38052574
4213351;Ponte Alta do Norte;-27,16252801;-50,46770048
4213401;Ponte Serrada;-26,86910738;-52,02088913
4213500;Porto Belo;-27,15631904;-48,54168234
4213609;Porto União;-26,26064491;-51,06882
4213708;Pouso Redondo;-27,25738452;-49,93122916
4213807;Praia Grande;-29,19696111;-49,94991287
4213906;Presidente Castello Branco;-27,22257639;-51,8099028
4214003;Presidente Getúlio;-27,04319023;-49,60635438
4214102;Presidente Nereu;-27,27856443;-49,38991945
4214151;Princesa;-26,44492404;-53,59996782
4214201;Quilombo;-26,72878387;-52,72101824
4214300;Rancho Queimado;-27,67391403;-49,01444457
4214409;Rio das Antas;-26,89724263;-51,07482668
4214508;Rio do Campo;-26,9458482;-50,14096371
4214607;Rio do Oeste;-27,19466172;-49,7977291
4214706;Rio dos Cedros;-26,74359275;-49,27571118
4214805;Rio do Sul;-27,21031356;-49,63291303
4214904;Rio Fortuna;-28,13657703;-49,1086624
4215000;Rio Negrinho;-26,25040651;-49,51937078
4215059;Rio Rufino;-27,86329167;-49,78196171
4215075;Riqueza;-27,0689329;-53,32411235
4215109;Rodeio;-26,92208585;-49,3675243
4215208;Romelândia;-26,67651098;-53,31842958
4215307;Salete;-26,97969484;-50,00436597
4215356;Saltinho;-26,60550151;-53,05752364
4215406;Salto Veloso;-26,90648176;-51,40508048
4215455;Sangão;-28,63801844;-49,12737344
4215505;Santa Cecília;-26,96742856;-50,41719556
4215554;Santa Helena;-26,93981224;-53,61982985
4215604;Santa Rosa de Lima;-28,03854892;-49,12605623
4215653;Santa Rosa do Sul;-29,13647091;-49,71489971
4215679;Santa Terezinha;-26,78170092;-50,00649053
4215687;Santa Terezinha do Progresso;-26,62025824;-53,19958041
4215695;Santiago do Sul;-26,6359634;-52,67637772
4215703;Santo Amaro da Imperatriz;-27,68465297;-48,77263234
4215752;São Bernardino;-26,47233799;-52,96571478
4215802;São Bento do Sul;-26,24461515;-49,3874293
4215901;São Bonifácio;-27,89766938;-48,9299356
4216008;São Carlos;-27,08383674;-53,00469461
4216057;São Cristóvão do Sul;-27,26397762;-50,44214106
4216107;São Domingos;-26,56047918;-52,53315137
4216206;São Francisco do Sul;-26,25591043;-48,63374812
4216255;São João do Oeste;-27,09916539;-53,59285408
4216305;São João Batista;-27,27627736;-48,84144354
4216354;São João do Itaperiú;-26,61911604;-48,76751524
4216404;São João do Sul;-29,22294088;-49,80991262
4216503;São Joaquim;-28,2891043;-49,93753044
4216602;São José;-27,5939624;-48,61072769
4216701;São José do Cedro;-26,45439626;-53,50043905
4216800;São José do Cerrito;-27,66296563;-50,57977007
4216909;São Lourenço do Oeste;-26,35889637;-52,85091211
4217006;São Ludgero;-28,32837944;-49,17619481
4217105;São Martinho;-28,16536963;-48,97885924
4217154;São Miguel da Boa Vista;-26,69194512;-53,25249611
4217204;São Miguel do Oeste;-26,73181774;-53,52187194
4217253;São Pedro de Alcântara;-27,56827499;-48,80342293
4217303;Saudades;-26,92395452;-53,00336412
4217402;Schroeder;-26,40728091;-49,0802466
4217501;Seara;-27,15609158;-52,31452642
4217550;Serra Alta;-26,72667819;-53,04305344
4217600;Siderópolis;-28,59157107;-49,42823875
4217709;Sombrio;-29,106016;-49,63552297
4217758;Sul Brasil;-26,73900246;-52,96704342
4217808;Taió;-27,11827526;-50,00469433
4217907;Tangará;-27,10064278;-51,24571514
4217956;Tigrinhos;-26,6887586;-53,15156084
4218004;Tijucas;-27,23705084;-48,6360593
4218103;Timbé do Sul;-28,83196415;-49,84560118
4218202;Timbó;-26,82560705;-49,27255612
4218251;Timbó Grande;-26,61635928;-50,66975052
4218301;Três Barras;-26,11625767;-50,31081988
4218350;Treviso;-28,51146381;-49,45637192
4218400;Treze de Maio;-28,55894835;-49,14843734
4218509;Treze Tílias;-26,99746856;-51,41160775
4218608;Trombudo Central;-27,30817751;-49,79579998
4218707;Tubarão;-28,47990104;-49,01351569
4218756;Tunápolis;-26,97095024;-53,63916226
4218806;Turvo;-28,92621057;-49,68066982
4218855;União do Oeste;-26,76364797;-52,85193156
4218905;Urubici;-28,00764839;-49,58933787
4218954;Urupema;-27,9551798;-49,87663128
4219002;Urussanga;-28,52596017;-49,3214244
4219101;Vargeão;-26,86165309;-52,15584089
4219150;Vargem;-27,49243732;-50,97828506
4219176;Vargem Bonita;-27,00431326;-51,74154888
4219200;Vidal Ramos;-27,39556561;-49,36557634
4219309;Videira;-27,00761633;-51,15228911
4219358;Vitor Meireles;-26,88174861;-49,8363301
4219408;Witmarsum;-26,92851906;-49,79517624
4219507;Xanxerê;-26,87733553;-52,40364796
4219606;Xavantina;-27,06942509;-52,3444974
4219705;Xaxim;-26,96209861;-52,53389295
4219853;Zortéa;-27,455488;-51,55209165
4220000;Balneário Rincão;-28,82336534;-49,22418031
4300034;Aceguá;-31,86751752;-54,16380119
4300059;Água Santa;-28,17800403;-52,03515356
4300109;Agudo;-29,645;-53,24
4300208;Ajuricaba;-28,239;-53,77099998
4300307;Alecrim;-27,65497886;-54,76402501
4300406;Alegrete;-29,78300001;-55,79199978
4300455;Alegria;-27,83289246;-54,05758621
4300471;Almirante Tamandaré do Sul;-28,1143802;-52,91379229
4300505;Alpestre;-27,25075641;-53,03532204
4300554;Alto Alegre;-28,773;-52,98999999
4300570;Alto Feliz;-29,38021334;-51,31358449
4300604;Alvorada;-29,99760995;-51,07778157
4300638;Amaral Ferrador;-30,875;-52,253
4300646;Ametista do Sul;-27,36090945;-53,1845899
4300661;André da Rocha;-28,6317795;-51,57175209
4300703;Anta Gorda;-28,96933221;-52,00905818
4300802;Antônio Prado;-28,85371724;-51,28124577
4300851;Arambaré;-30,91670035;-51,502876
4300877;Araricá;-29,61397582;-50,92498154
4300901;Aratiba;-27,39491035;-52,30225102
4301008;Arroio do Meio;-29,401;-51,945
4301057;Arroio do Sal;-29,55091767;-49,88909239
4301073;Arroio do Padre;-31,44266049;-52,42223802
4301107;Arroio dos Ratos;-30,077;-51,729
4301206;Arroio do Tigre;-29,33361887;-53,0864242
4301305;Arroio Grande;-32,238;-53,08699999
4301404;Arvorezinha;-28,87155385;-52,18075323
4301503;Augusto Pestana;-28,51443625;-53,99263772
4301552;Áurea;-27,6967682;-52,054307
4301602;Bagé;-31,33100001;-54,10699991
4301636;Balneário Pinhal;-30,247;-50,23300001
4301651;Barão;-29,376383;-51,49939236
4301701;Barão de Cotegipe;-27,62281632;-52,37858765
4301750;Barão do Triunfo;-30,39037884;-51,73774542
4301800;Barracão;-27,67653305;-51,4573619
4301859;Barra do Guarita;-27,1905983;-53,71200995
4301875;Barra do Quaraí;-30,20700008;-57,55499895
4301909;Barra do Ribeiro;-30,29660791;-51,30514445
4301925;Barra do Rio Azul;-27,40902353;-52,4136279
4301958;Barra Funda;-27,92296798;-53,03770897
4302006;Barros Cassal;-29,093;-52,583
4302055;Benjamin Constant do Sul;-27,50858356;-52,602225
4302105;Bento Gonçalves;-29,15520557;-51,52433388
4302154;Boa Vista das Missões;-27,66283139;-53,31525352
4302204;Boa Vista do Buricá;-27,66898733;-54,10998162
4302220;Boa Vista do Cadeado;-28,57803959;-53,81329521
4302238;Boa Vista do Incra;-28,818704;-53,38663799
4302253;Boa Vista do Sul;-29,3495229;-51,67647642
4302303;Bom Jesus;-28,67188634;-50,43360927
4302352;Bom Princípio;-29,47959286;-51,35346239
4302378;Bom Progresso;-27,55043102;-53,86528529
4302402;Bom Retiro do Sul;-29,59720582;-51,93751977
4302451;Boqueirão do Leão;-29,30117445;-52,42997945
4302501;Bossoroca;-28,73;-54,9
4302584;Bozano;-28,367993;-53,77069398
4302600;Braga;-27,61759858;-53,74005963
4302659;Brochier;-29,55276704;-51,59638523
4302709;Butiá;-30,12;-51,962
4302808;Caçapava do Sul;-30,512;-53,49099998
4302907;Cacequi;-29,88396129;-54,82496829
4303004;Cachoeira do Sul;-30,039;-52,89399999
4303103;Cachoeirinha;-29,93247571;-51,07707607
4303202;Cacique Doble;-27,76906602;-51,66678238
4303301;Caibaté;-28,288;-54,638
4303400;Caiçara;-27,27711017;-53,4309639
4303509;Camaquã;-30,8553065;-51,80909035
4303558;Camargo;-28,58793638;-52,20392215
4303608;Cambará do Sul;-29,04785802;-50,14492738
4303673;Campestre da Serra;-28,79637619;-51,09512695
4303707;Campina das Missões;-27,98897707;-54,8389749
4303806;Campinas do Sul;-27,71757288;-52,62462644
4303905;Campo Bom;-29,68113936;-51,05283223
4304002;Campo Novo;-27,67663399;-53,80664223
4304101;Campos Borges;-28,886;-52,99899999
4304200;Candelária;-29,669;-52,789
4304309;Cândido Godói;-27,95202934;-54,75207837
4304358;Candiota;-31,557924;-53,67299294
4304408;Canela;-29,36602618;-50,81595114
4304507;Canguçu;-31,3949481;-52,6760025
4304606;Canoas;-29,9157476;-51,18210075
4304614;Canudos do Vale;-29,3231301;-52,2377187
4304622;Capão Bonito do Sul;-28,12919285;-51,39637195
4304630;Capão da Canoa;-29,76093802;-50,03002613
4304655;Capão do Cipó;-28,919626;-54,556194
4304663;Capão do Leão;-31,76861334;-52,50186845
4304671;Capivari do Sul;-30,145;-50,515
4304689;Capela de Santana;-29,6920219;-51,31811198
4304697;Capitão;-29,269;-51,989
4304705;Carazinho;-28,284;-52,786
4304713;Caraá;-29,78992795;-50,43507162
4304804;Carlos Barbosa;-29,298;-51,504
4304853;Carlos Gomes;-27,71617728;-51,91212343
4304903;Casca;-28,56581567;-51,97712251
4304952;Caseiros;-28,2712541;-51,69067275
4305009;Catuípe;-28,25;-54,012
4305108;Caxias do Sul;-29,14905725;-51,18584852
4305116;Centenário;-27,76088959;-52,00097028
4305124;Cerrito;-31,85333317;-52,81203609
4305132;Cerro Branco;-29,65389319;-52,94223865
4305157;Cerro Grande;-27,60865512;-53,16550437
4305173;Cerro Grande do Sul;-30,59676654;-51,75072687
4305207;Cerro Largo;-28,149;-54,738
4305306;Chapada;-28,055;-53,06799999
4305355;Charqueadas;-29,96832835;-51,63201448
4305371;Charrua;-27,95453669;-52,01578401
4305405;Chiapetta;-27,92046224;-53,94107732
4305439;Chuí;-33,691;-53,45699997
4305447;Chuvisca;-30,75773579;-51,97881458
4305454;Cidreira;-30,16812623;-50,2019531
4305504;Ciríaco;-28,34382344;-51,87481722
4305587;Colinas;-29,38583662;-51,86874907
4305603;Colorado;-28,524;-52,99399999
4305702;Condor;-28,208;-53,48699999
4305801;Constantina;-27,73321703;-52,99399659
4305835;Coqueiro Baixo;-29,178344;-52,092705
4305850;Coqueiros do Sul;-28,119;-52,783
4305871;Coronel Barros;-28,383;-54,066
4305900;Coronel Bicaco;-27,7170137;-53,7079901
4305934;Coronel Pilar;-29,27177229;-51,68327978
4305959;Cotiporã;-28,99406593;-51,6969702
4305975;Coxilha;-28,12705687;-52,29681192
4306007;Crissiumal;-27,499994;-54,10096945
4306056;Cristal;-31,00300134;-52,04994682
4306072;Cristal do Sul;-27,45527415;-53,24827399
4306106;Cruz Alta;-28,639;-53,60599998
4306130;Cruzaltense;-27,66731896;-52,64880095
4306205;Cruzeiro do Sul;-29,513;-51,985
4306304;David Canabarro;-28,38852303;-51,8469984
4306320;Derrubadas;-27,26541754;-53,86174793
4306353;Dezesseis de Novembro;-28,22517027;-55,04831084
4306379;Dilermando de Aguiar;-29,70586927;-54,20801829
4306403;Dois Irmãos;-29,58249814;-51,09629299
4306429;Dois Irmãos das Missões;-27,65778904;-53,53176794
4306452;Dois Lajeados;-28,98588232;-51,83752547
4306502;Dom Feliciano;-30,70557711;-52,10746259
4306551;Dom Pedro de Alcântara;-29,36949946;-49,84975519
4306601;Dom Pedrito;-30,983;-54,673
4306700;Dona Francisca;-29,622;-53,357
4306734;Doutor Maurício Cardoso;-27,50592054;-54,36106317
4306759;Doutor Ricardo;-29,086;-51,992
4306767;Eldorado do Sul;-29,99929259;-51,31041893
4306809;Encantado;-29,23889658;-51,87375928
4306908;Encruzilhada do Sul;-30,544;-52,522
4306924;Engenho Velho;-27,70857003;-52,91222717
4306932;Entre-Ijuís;-28,36;-54,268
4306957;Entre Rios do Sul;-27,5308041;-52,73112935
4306973;Erebango;-27,85434086;-52,3035784
4307005;Erechim;-27,64287775;-52,27076799
4307054;Ernestina;-28,499;-52,573
4307104;Herval;-32,024;-53,39599998
4307203;Erval Grande;-27,39220254;-52,56933102
4307302;Erval Seco;-27,54987654;-53,50831598
4307401;Esmeralda;-28,05703392;-51,18944187
4307450;Esperança do Sul;-27,36359922;-53,98899147
4307500;Espumoso;-28,725;-52,85
4307559;Estação;-27,91388878;-52,25980027
4307609;Estância Velha;-29,65431368;-51,17220285
4307708;Esteio;-29,85094113;-51,17962645
4307807;Estrela;-29,48883031;-51,95317371
4307815;Estrela Velha;-29,177;-53,159
4307831;Eugênio de Castro;-28,525;-54,149
4307864;Fagundes Varela;-28,88200056;-51,70248766
4307906;Farroupilha;-29,22117748;-51,33191875
4308003;Faxinal do Soturno;-29,575;-53,445
4308052;Faxinalzinho;-27,4238998;-52,67357257
4308078;Fazenda Vilanova;-29,59090258;-51,82380864
4308102;Feliz;-29,451;-51,306
4308201;Flores da Cunha;-29,02888889;-51,18166667
4308250;Floriano Peixoto;-27,86055619;-52,0848251
4308300;Fontoura Xavier;-28,98301359;-52,35021146
4308409;Formigueiro;-30,00139544;-53,50295154
4308433;Forquetinha;-29,381862;-52,091266
4308458;Fortaleza dos Valos;-28,797;-53,22299999
4308508;Frederico Westphalen;-27,35831001;-53,39506674
4308607;Garibaldi;-29,25677638;-51,52042031
4308656;Garruchos;-28,18400001;-55,63899984
4308706;Gaurama;-27,58766496;-52,10241505
4308805;General Câmara;-29,905;-51,76
4308854;Gentil;-28,43264064;-52,03533326
4308904;Getúlio Vargas;-27,8886861;-52,22986721
4309001;Giruá;-28,028;-54,35
4309050;Glorinha;-29,88026298;-50,7831996
4309100;Gramado;-29,37899937;-50,87405018
4309126;Gramado dos Loureiros;-27,44429212;-52,91821938
4309159;Gramado Xavier;-29,268;-52,579
4309209;Gravataí;-29,93619548;-51,01671772
4309258;Guabiju;-28,53950973;-51,69089418
4309308;Guaíba;-30,11399998;-51,32500001
4309407;Guaporé;-28,84848537;-51,88917256
4309506;Guarani das Missões;-28,141;-54,558
4309555;Harmonia;-29,55121575;-51,42026046
4309571;Herveiras;-29,45435623;-52,65053553
4309605;Horizontina;-27,62597617;-54,30805371
4309654;Hulha Negra;-31,40402328;-53,86910147
4309704;Humaitá;-27,56550966;-53,96746505
4309753;Ibarama;-29,42097591;-53,13287032
4309803;Ibiaçá;-28,05713565;-51,85723932
4309902;Ibiraiaras;-28,3700797;-51,63691928
4309951;Ibirapuitã;-28,624;-52,511
4310009;Ibirubá;-28,628;-53,08999999
4310108;Igrejinha;-29,57400756;-50,79007592
4310207;Ijuí;-28,388;-53,91499998
4310306;Ilópolis;-28,92784437;-52,12559173
4310330;Imbé;-29,97499902;-50,12806642
4310363;Imigrante;-29,355;-51,777
4310405;Independência;-27,85076394;-54,19101874
4310413;Inhacorá;-27,88306672;-54,01697057
4310439;Ipê;-28,81978445;-51,28121801
4310462;Ipiranga do Sul;-27,93722927;-52,42540459
4310504;Iraí;-27,19275018;-53,2566599
4310538;Itaara;-29,61;-53,765
4310553;Itacurubi;-28,79842501;-55,2358259
4310579;Itapuca;-28,78053308;-52,17275652
4310603;Itaqui;-29,12500003;-56,55299959
4310652;Itati;-29,48892881;-50,10504708
4310702;Itatiba do Sul;-27,38522801;-52,45582558
4310751;Ivorá;-29,52;-53,581
4310801;Ivoti;-29,61081419;-51,16355016
4310850;Jaboticaba;-27,63292045;-53,27836191
4310876;Jacuizinho;-29,033879;-53,059465
4310900;Jacutinga;-27,7292769;-52,53653317
4311007;Jaguarão;-32,566;-53,37599998
4311106;Jaguari;-29,49700212;-54,68999818
4311122;Jaquirana;-28,88393123;-50,35827909
4311130;Jari;-29,28988205;-54,22161885
4311155;Jóia;-28,647;-54,122
4311205;Júlio de Castilhos;-29,227;-53,682
4311239;Lagoa Bonita do Sul;-29,489311;-53,013958
4311254;Lagoão;-29,22315763;-52,77204309
4311270;Lagoa dos Três Cantos;-28,571;-52,858
4311304;Lagoa Vermelha;-28,21225549;-51,52307391
4311403;Lajeado;-29,45705931;-51,96855751
4311429;Lajeado do Bugre;-27,69004796;-53,18222261
4311502;Lavras do Sul;-30,813;-53,89499997
4311601;Liberato Salzano;-27,5999997;-53,07277317
4311627;Lindolfo Collor;-29,597;-51,209
4311643;Linha Nova;-29,468;-51,201
4311700;Machadinho;-27,56775676;-51,66867447
4311718;Maçambará;-29,14728987;-56,06368544
4311734;Mampituba;-29,21093209;-49,9350729
4311759;Manoel Viana;-29,58901603;-55,48300262
4311775;Maquiné;-29,67503362;-50,2069192
4311791;Maratá;-29,54965354;-51,55576965
4311809;Marau;-28,4420147;-52,20618608
4311908;Marcelino Ramos;-27,46429661;-51,90893713
4311981;Mariana Pimentel;-30,353;-51,583
4312005;Mariano Moro;-27,35425963;-52,1479832
4312054;Marques de Souza;-29,32984307;-52,09761423
4312104;Mata;-29,56610448;-54,45990365
4312138;Mato Castelhano;-28,27655307;-52,19658217
4312153;Mato Leitão;-29,524;-52,129
4312179;Mato Queimado;-28,256218;-54,616331
4312203;Maximiliano de Almeida;-27,6326591;-51,80172063
4312252;Minas do Leão;-30,127;-52,048
4312302;Miraguaí;-27,49661655;-53,68627741
4312351;Montauri;-28,65399832;-52,07717787
4312377;Monte Alegre dos Campos;-28,68306529;-50,7831185
4312385;Monte Belo do Sul;-29,16320623;-51,63397525
4312401;Montenegro;-29,68725609;-51,46040322
4312427;Mormaço;-28,692;-52,692
4312443;Morrinhos do Sul;-29,36501929;-49,9349524
4312450;Morro Redondo;-31,5880197;-52,63299221
4312476;Morro Reuter;-29,538;-51,081
4312500;Mostardas;-31,107;-50,921
4312609;Muçum;-29,16681245;-51,87477918
4312617;Muitos Capões;-28,31737706;-51,18463232
4312625;Muliterno;-28,33010945;-51,76952145
4312658;Não-Me-Toque;-28,459;-52,821
4312674;Nicolau Vergueiro;-28,53613527;-52,46256104
4312708;Nonoai;-27,36538509;-52,77313022
4312757;Nova Alvorada;-28,67474236;-52,16689046
4312807;Nova Araçá;-28,65941489;-51,75946356
4312906;Nova Bassano;-28,73339873;-51,70198068
4312955;Nova Boa Vista;-27,99327902;-52,98027495
4313003;Nova Bréscia;-29,214;-52,028
4313011;Nova Candelária;-27,60693439;-54,10693346
4313037;Nova Esperança do Sul;-29,41001026;-54,82898351
4313060;Nova Hartz;-29,58294781;-50,90202613
4313086;Nova Pádua;-29,029;-51,307
4313102;Nova Palma;-29,472;-53,469
4313201;Nova Petrópolis;-29,36297665;-51,08656465
4313300;Nova Prata;-28,78249057;-51,61002037
4313334;Nova Ramada;-28,064;-53,69699998
4313359;Nova Roma do Sul;-28,98919353;-51,40850192
4313375;Nova Santa Rita;-29,85057201;-51,27601022
4313391;Novo Cabrais;-29,735;-52,948
4313409;Novo Hamburgo;-29,68500547;-51,14114902
4313425;Novo Machado;-27,57398621;-54,50499038
4313441;Novo Tiradentes;-27,5629949;-53,18323388
4313466;Novo Xingu;-27,74792714;-53,06056113
4313490;Novo Barreiro;-27,90762603;-53,11308287
4313508;Osório;-29,88691388;-50,27002933
4313607;Paim Filho;-27,70910746;-51,76156814
4313656;Palmares do Sul;-30,258;-50,51
4313706;Palmeira das Missões;-27,90079141;-53,30875658
4313805;Palmitinho;-27,35260841;-53,55715266
4313904;Panambi;-28,293;-53,50199999
4313953;Pantano Grande;-30,191;-52,374
4314001;Paraí;-28,59373599;-51,78760843
4314027;Paraíso do Sul;-29,73047683;-53,17937379
4314035;Pareci Novo;-29,63989693;-51,40090598
4314050;Parobé;-29,62903544;-50,8349545
4314068;Passa Sete;-29,44742528;-52,96531983
4314076;Passo do Sobrado;-29,748;-52,275
4314100;Passo Fundo;-28,25961332;-52,40694563
4314134;Paulo Bento;-27,70289949;-52,42261095
4314159;Paverama;-29,55602304;-51,73598891
4314175;Pedras Altas;-31,73287767;-53,58385772
4314209;Pedro Osório;-31,86645281;-52,82296912
4314308;Pejuçara;-28,423;-53,65599998
4314407;Pelotas;-31,77160404;-52,34380244
4314423;Picada Café;-29,45321129;-51,13397581
4314456;Pinhal;-27,51295179;-53,21588996
4314464;Pinhal da Serra;-27,87515847;-51,17001943
4314472;Pinhal Grande;-29,33686404;-53,34086375
4314498;Pinheirinho do Vale;-27,2117206;-53,61659202
4314506;Pinheiro Machado;-31,57802747;-53,3811028
4314548;Pinto Bandeira;-29,09722222;-51,45055556
4314555;Pirapó;-28,045;-55,199
4314605;Piratini;-31,44794854;-53,10404673
4314704;Planalto;-27,3341628;-53,05613148
4314753;Poço das Antas;-29,45;-51,671
4314779;Pontão;-28,059;-52,677
4314787;Ponte Preta;-27,658442;-52,490189
4314803;Portão;-29,69823787;-51,23682419
4314902;Porto Alegre;-30,03785761;-51,22703501
4315008;Porto Lucena;-27,85599824;-55,01614728
4315057;Porto Mauá;-27,57503922;-54,6680363
4315073;Porto Vera Cruz;-27,73602803;-54,90095908
4315107;Porto Xavier;-27,90600279;-55,13799411
4315131;Pouso Novo;-29,171;-52,208
4315149;Presidente Lucena;-29,51708506;-51,1773963
4315156;Progresso;-29,24303155;-52,31123072
4315172;Protásio Alves;-28,75878575;-51,47396601
4315206;Putinga;-29,00106151;-52,15664444
4315305;Quaraí;-30,38800003;-56,45099957
4315313;Quatro Irmãos;-27,82256772;-52,4429151
4315321;Quevedos;-29,35301007;-54,07197365
4315354;Quinze de Novembro;-28,742;-53,09499999
4315404;Redentora;-27,66227971;-53,64019334
4315453;Relvado;-29,11209977;-52,0613761
4315503;Restinga Sêca;-29,813;-53,375
4315552;Rio dos Índios;-27,29984851;-52,84069478
4315602;Rio Grande;-32,05709907;-52,14912768
4315701;Rio Pardo;-29,98972222;-52,37805556
4315750;Riozinho;-29,64097281;-50,45303731
4315800;Roca Sales;-29,28945176;-51,8708809
4315909;Rodeio Bonito;-27,47330515;-53,17014038
4315958;Rolador;-28,25644059;-54,81747239
4316006;Rolante;-29,65101721;-50,57612313
4316105;Ronda Alta;-27,78119878;-52,80783238
4316204;Rondinha;-27,82703209;-52,9073628
4316303;Roque Gonzales;-28,131;-55,026
4316402;Rosário do Sul;-30,258;-54,914
4316428;Sagrada Família;-27,70595268;-53,13541535
4316436;Saldanha Marinho;-28,3929324;-53,0955451
4316451;Salto do Jacuí;-29,088;-53,213
4316477;Salvador das Missões;-28,126;-54,835
4316501;Salvador do Sul;-29,44193302;-51,51153555
4316600;Sananduva;-27,95088731;-51,81028307
4316709;Santa Bárbara do Sul;-28,358;-53,24699999
4316733;Santa Cecília do Sul;-28,16386677;-51,92982171
4316758;Santa Clara do Sul;-29,469;-52,088
4316808;Santa Cruz do Sul;-29,718;-52,426
4316907;Santa Maria;-29,684;-53,807
4316956;Santa Maria do Herval;-29,49801696;-50,99303911
4316972;Santa Margarida do Sul;-30,339651;-54,079732
4317004;Santana da Boa Vista;-30,872;-53,11499999
4317103;Sant'Ana do Livramento;-30,89100001;-55,5329998
4317202;Santa Rosa;-27,87096397;-54,48102264
4317251;Santa Tereza;-29,17055116;-51,73423356
4317301;Santa Vitória do Palmar;-33,519;-53,36799997
4317400;Santiago;-29,19185282;-54,86704505
4317509;Santo Ângelo;-28,299;-54,263
4317558;Santo Antônio do Palma;-28,49346808;-52,02512271
4317608;Santo Antônio da Patrulha;-29,81795013;-50,52003791
4317707;Santo Antônio das Missões;-28,511;-55,228
4317756;Santo Antônio do Planalto;-28,396;-52,691
4317806;Santo Augusto;-27,84977736;-53,77796691
4317905;Santo Cristo;-27,82397231;-54,66298101
4317954;Santo Expedito do Sul;-27,90917351;-51,6425403
4318002;São Borja;-28,66100001;-56,00399976
4318051;São Domingos do Sul;-28,530609;-51,88922958
4318101;São Francisco de Assis;-29,55001673;-55,13100366
4318200;São Francisco de Paula;-29,44795561;-50,58398545
4318309;São Gabriel;-30,336;-54,32
4318408;São Jerônimo;-29,96460255;-51,72117336
4318424;São João da Urtiga;-27,81721072;-51,82998003
4318432;São João do Polêsine;-29,614;-53,446
4318440;São Jorge;-28,50024951;-51,70460336
4318457;São José das Missões;-27,7785405;-53,11968943
4318465;São José do Herval;-29,044;-52,296
4318481;São José do Hortêncio;-29,52473917;-51,24857528
4318499;São José do Inhacorá;-27,72494564;-54,12900492
4318507;São José do Norte;-32,015;-52,042
4318606;São José do Ouro;-27,77372434;-51,59472649
4318614;São José do Sul;-29,54231482;-51,48790049
4318622;São José dos Ausentes;-28,74842265;-50,06485165
4318705;São Leopoldo;-29,76078337;-51,15166178
4318804;São Lourenço do Sul;-31,36506926;-51,97787605
4318903;São Luiz Gonzaga;-28,408;-54,961
4319000;São Marcos;-28,96786465;-51,06978213
4319109;São Martinho;-27,70872417;-53,96563581
4319125;São Martinho da Serra;-29,538;-53,855
4319158;São Miguel das Missões;-28,55148701;-54,55387527
4319208;São Nicolau;-28,183;-55,267
4319307;São Paulo das Missões;-28,021;-54,936
4319356;São Pedro da Serra;-29,42048161;-51,51075152
4319364;São Pedro das Missões;-27,77130846;-53,24736898
4319372;São Pedro do Butiá;-28,124;-54,887
4319406;São Pedro do Sul;-29,62093424;-54,17910643
4319505;São Sebastião do Caí;-29,57177501;-51,35908861
4319604;São Sepé;-30,161;-53,56499998
4319703;São Valentim;-27,56055627;-52,52515847
4319711;São Valentim do Sul;-29,047;-51,765
4319737;São Valério do Sul;-27,78860544;-53,93602911
4319752;São Vendelino;-29,38366243;-51,3687151
4319802;São Vicente do Sul;-29,69192126;-54,67901966
4319901;Sapiranga;-29,63805556;-51,00694444
4320008;Sapucaia do Sul;-29,82238059;-51,14740342
4320107;Sarandi;-27,94273998;-52,92146599
4320206;Seberi;-27,4837389;-53,39932128
4320230;Sede Nova;-27,6341771;-53,95037302
4320263;Segredo;-29,34360228;-52,97997744
4320305;Selbach;-28,629;-52,95299999
4320321;Senador Salgado Filho;-28,02805375;-54,5447772
4320354;Sentinela do Sul;-30,61321973;-51,57935403
4320404;Serafina Corrêa;-28,71403052;-51,93116384
4320453;Sério;-29,383;-52,269
4320503;Sertão;-27,98446749;-52,25815653
4320552;Sertão Santana;-30,4642696;-51,60772259
4320578;Sete de Setembro;-28,131;-54,463
4320602;Severiano de Almeida;-27,43231061;-52,11590366
4320651;Silveira Martins;-29,642;-53,586
4320677;Sinimbu;-29,539;-52,522
4320701;Sobradinho;-29,41603775;-53,02910196
4320800;Soledade;-28,82207176;-52,49357808
4320859;Tabaí;-29,68956465;-51,72046645
4320909;Tapejara;-28,06716941;-52,01052201
4321006;Tapera;-28,626;-52,87
4321105;Tapes;-30,67504788;-51,40087983
4321204;Taquara;-29,65089384;-50,78099781
4321303;Taquari;-29,8;-51,864
4321329;Taquaruçu do Sul;-27,40106504;-53,4685152
4321352;Tavares;-31,28913792;-51,09168047
4321402;Tenente Portela;-27,37063456;-53,75724271
4321436;Terra de Areia;-29,58491046;-50,07100033
4321451;Teutônia;-29,448;-51,806
4321469;Tio Hugo;-28,579459;-52,599201
4321477;Tiradentes do Sul;-27,39801207;-54,08400805
4321493;Toropi;-29,47792186;-54,22796731
4321501;Torres;-29,33593061;-49,73040449
4321600;Tramandaí;-29,98497407;-50,1339358
4321626;Travesseiro;-29,29689133;-52,05701124
4321634;Três Arroios;-27,49970412;-52,147885
4321667;Três Cachoeiras;-29,4559894;-49,92396013
4321709;Três Coroas;-29,5170131;-50,77794959
4321808;Três de Maio;-27,77316986;-54,23998619
4321832;Três Forquilhas;-29,53699357;-50,06445459
4321857;Três Palmeiras;-27,61651895;-52,84198278
4321907;Três Passos;-27,45487394;-53,93210569
4321956;Trindade do Sul;-27,52161287;-52,89678794
4322004;Triunfo;-29,943;-51,718
4322103;Tucunduva;-27,65698428;-54,44002023
4322152;Tunas;-29,103;-52,956
4322186;Tupanci do Sul;-27,92367805;-51,53827253
4322202;Tupanciretã;-29,081;-53,836
4322251;Tupandi;-29,49214524;-51,41546052
4322301;Tuparendi;-27,75603173;-54,48202735
4322327;Turuçu;-31,42199525;-52,17800221
4322343;Ubiretama;-28,046;-54,681
4322350;União da Serra;-28,75296776;-52,01529273
4322376;Unistalda;-29,04694259;-55,14997558
4322400;Uruguaiana;-29,75500005;-57,08799931
4322509;Vacaria;-28,50824116;-50,93986613
4322525;Vale Verde;-29,787;-52,184
4322533;Vale do Sol;-29,60384998;-52,68633903
4322541;Vale Real;-29,39821704;-51,25342172
4322558;Vanini;-28,4741853;-51,84511878
4322608;Venâncio Aires;-29,606;-52,192
4322707;Vera Cruz;-29,715;-52,506
4322806;Veranópolis;-28,93516413;-51,54839138
4322855;Vespasiano Corrêa;-29,068;-51,859
4322905;Viadutos;-27,57112492;-52,02094066
4323002;Viamão;-30,081;-51,02300005
4323101;Vicente Dutra;-27,16768358;-53,40470599
4323200;Victor Graeff;-28,56;-52,748
4323309;Vila Flores;-28,86190624;-51,55118348
4323358;Vila Lângaro;-28,10711332;-52,14595691
4323408;Vila Maria;-28,53285194;-52,15246618
4323457;Vila Nova do Sul;-30,344;-53,88299997
4323507;Vista Alegre;-27,36995509;-53,49141636
4323606;Vista Alegre do Prata;-28,8094723;-51,7862084
4323705;Vista Gaúcha;-27,29030647;-53,70231216
4323754;Vitória das Missões;-28,351;-54,496
4323770;Westfália;-29,41999116;-51,76567053
4323804;Xangri-lá;-29,80103051;-50,04385466
5000203;Água Clara;-20,448;-52,878
5000252;Alcinópolis;-18,324;-53,706
5000609;Amambai;-23,11131867;-55,22668425
5000708;Anastácio;-20,48270214;-55,81085258
5000807;Anaurilândia;-22,18797589;-52,71792054
5000856;Angélica;-22,1534207;-53,77108775
5000906;Antônio João;-22,19099999;-55,94799986
5001003;Aparecida do Taboado;-20,087;-51,094
5001102;Aquidauana;-20,46779214;-55,787152
5001243;Aral Moreira;-22,95004194;-55,62726368
5001508;Bandeirantes;-19,92135718;-54,36405222
5001904;Bataguassu;-21,7150812;-52,42446238
5002001;Batayporã;-22,2950405;-53,2711381
5002100;Bela Vista;-22,10899999;-56,52099976
5002159;Bodoquena;-20,55189439;-56,67498115
5002209;Bonito;-21,12099999;-56,48199978
5002308;Brasilândia;-21,25599425;-52,03699212
5002407;Caarapó;-22,634;-54,82199996
5002605;Camapuã;-19,53404621;-54,0437276
5002704;Campo Grande;-20,46855449;-54,61854011
5002803;Caracol;-22,01397947;-57,02393351
5002902;Cassilândia;-19,113;-51,734
5002951;Chapadão do Sul;-18,794;-52,623
5003108;Corguinho;-19,83013888;-54,8316742
5003157;Coronel Sapucaia;-23,27190057;-55,53455378
5003207;Corumbá;-19,00821903;-57,64788383
5003256;Costa Rica;-18,544;-53,129
5003306;Coxim;-18,50652561;-54,75595431
5003454;Deodápolis;-22,276;-54,16499998
5003488;Dois Irmãos do Buriti;-20,69020712;-55,28246868
5003504;Douradina;-22,04;-54,61299997
5003702;Dourados;-22,221;-54,80599996
5003751;Eldorado;-23,78419754;-54,28538474
5003801;Fátima do Sul;-22,374;-54,51399997
5003900;Figueirão;-18,67841365;-53,6391537
5004007;Glória de Dourados;-22,418;-54,23299998
5004106;Guia Lopes da Laguna;-21,45799999;-56,11399984
5004304;Iguatemi;-23,68273517;-54,56250865
5004403;Inocência;-19,726;-51,93
5004502;Itaporã;-22,079;-54,78899996
5004601;Itaquiraí;-23,48178466;-54,18353874
5004700;Ivinhema;-22,30491894;-53,81513736
5004809;Japorã;-23,89143274;-54,40605453
5004908;Jaraguari;-20,10586817;-54,43764345
5005004;Jardim;-21,47999999;-56,13799984
5005103;Jateí;-22,482;-54,30299998
5005152;Juti;-22,861;-54,60299997
5005202;Ladário;-19,00525985;-57,60401752
5005251;Laguna Carapã;-22,55252063;-55,14849507
5005400;Maracaju;-21,61399999;-55,16799994
5005608;Miranda;-20,24230921;-56,37912883
5005681;Mundo Novo;-23,93521758;-54,28811273
5005707;Naviraí;-23,06075559;-54,20289085
5005806;Nioaque;-21,15807486;-55,82837671
5006002;Nova Alvorada do Sul;-21,466;-54,38399997
5006200;Nova Andradina;-22,25066343;-53,34835281
5006259;Novo Horizonte do Sul;-22,65566266;-53,85777736
5006275;Paraíso das Águas;-19,02296445;-53,01243778
5006309;Paranaíba;-19,677;-51,191
5006358;Paranhos;-23,88943658;-55,42851178
5006408;Pedro Gomes;-18,10060164;-54,55360114
5006606;Ponta Porã;-22,53599999;-55,72599989
5006903;Porto Murtinho;-21,69895647;-57,88296825
5007109;Ribas do Rio Pardo;-20,443;-53,759
5007208;Rio Brilhante;-21,802;-54,54599997
5007307;Rio Negro;-19,44853957;-54,98717486
5007406;Rio Verde de Mato Grosso;-18,91786978;-54,84465692
5007505;Rochedo;-19,95346992;-54,89049328
5007554;Santa Rita do Pardo;-21,30294162;-52,83107043
5007695;São Gabriel do Oeste;-19,39213104;-54,5782352
5007703;Sete Quedas;-23,97936495;-55,04229249
5007802;Selvíria;-20,367;-51,419
5007901;Sidrolândia;-20,93025592;-54,9704849
5007935;Sonora;-17,58335657;-54,75617125
5007950;Tacuru;-23,63572085;-55,01483928
5007976;Taquarussu;-22,48801503;-53,35132453
5008008;Terenos;-20,43840281;-54,86659514
5008305;Três Lagoas;-20,751;-51,678
5008404;Vicentina;-22,409;-54,43599997
5100102;Acorizal;-15,1984245;-56,36781667
5100201;Água Boa;-14,05306586;-52,16418466
5100250;Alta Floresta;-9,871722597;-56,09161044
5100300;Alto Araguaia;-17,31779035;-53,22147724
5100359;Alto Boa Vista;-11,6721421;-51,37764194
5100409;Alto Garças;-16,94346904;-53,5289359
5100508;Alto Paraguai;-14,51544426;-56,48770737
5100607;Alto Taquari;-17,83020746;-53,28247947
5100805;Apiacás;-9,568979107;-57,3920262
5101001;Araguaiana;-15,72405815;-51,83782803
5101209;Araguainha;-16,85572939;-53,03448715
5101258;Araputanga;-15,46779835;-58,34900664
5101308;Arenápolis;-14,46276389;-56,84177775
5101407;Aripuanã;-10,1725237;-59,44861638
5101605;Barão de Melgaço;-16,1970836;-55,96661352
5101704;Barra do Bugres;-15,07043192;-57,19629909
5101803;Barra do Garças;-15,88953218;-52,2720122
5101852;Bom Jesus do Araguaia;-12,17372713;-51,50747922
5101902;Brasnorte;-12,12108353;-58,00298617
5102504;Cáceres;-16,07637881;-57,68161612
5102603;Campinápolis;-14,54112501;-52,79391962
5102637;Campo Novo do Parecis;-13,65575724;-57,89117341
5102678;Campo Verde;-15,54939411;-55,16824014
5102686;Campos de Júlio;-13,72140568;-59,25936923
5102694;Canabrava do Norte;-11,05001432;-51,82658269
5102702;Canarana;-13,55338783;-52,26817285
5102793;Carlinda;-9,968421715;-55,82244083
5102850;Castanheira;-11,14037664;-58,60819907
5103007;Chapada dos Guimarães;-15,46681746;-55,74770058
5103056;Cláudia;-11,50698405;-54,87777308
5103106;Cocalinho;-14,39100455;-51,00497574
5103205;Colíder;-10,8046924;-55,45902192
5103254;Colniza;-9,454911337;-59,22483601
5103304;Comodoro;-13,66049718;-59,78673127
5103353;Confresa;-10,65138431;-51,57186879
5103361;Conquista D'Oeste;-14,54127614;-59,54133065
5103379;Cotriguaçu;-9,903815121;-58,56574728
5103403;Cuiabá;-15,60066622;-56,09785642
5103437;Curvelândia;-15,60964796;-57,91721331
5103452;Denise;-14,72894767;-57,05079877
5103502;Diamantino;-14,40081853;-56,43758816
5103601;Dom Aquino;-15,809899;-54,922298
5103700;Feliz Natal;-12,38216722;-54,93898599
5103809;Figueirópolis D'Oeste;-15,44901218;-58,73826043
5103858;Gaúcha do Norte;-13,18142588;-53,25631286
5103908;General Carneiro;-15,7091114;-52,75834139
5103957;Glória D'Oeste;-15,76835875;-58,30860017
5104104;Guarantã do Norte;-9,954824715;-54,91254682
5104203;Guiratinga;-16,34661263;-53,76425151
5104500;Indiavaí;-15,49623543;-58,57874218
5104526;Ipiranga do Norte;-12,23895495;-56,15085592
5104542;Itanhangá;-12,23633205;-56,64260223
5104559;Itaúba;-11,00748921;-55,24359408
5104609;Itiquira;-17,20494872;-54,14605779
5104807;Jaciara;-15,954778;-54,97332
5104906;Jangada;-15,23625984;-56,48891739
5105002;Jauru;-15,33840265;-58,87289388
5105101;Juara;-11,2535011;-57,50830983
5105150;Juína;-11,42501595;-58,7706031
5105176;Juruena;-10,33241787;-58,49498204
5105200;Juscimeira;-16,05381687;-54,88742467
5105234;Lambari D'Oeste;-15,31864312;-58,00500157
5105259;Lucas do Rio Verde;-13,07171347;-55,91357819
5105309;Luciara;-11,22189064;-50,66759521
5105507;Vila Bela da Santíssima Trindade;-15,00667638;-59,94760062
5105580;Marcelândia;-11,08059477;-54,51931462
5105606;Matupá;-10,17095008;-54,93222825
5105622;Mirassol d'Oeste;-15,67458647;-58,08963404
5105903;Nobres;-14,7176745;-56,32765854
5106000;Nortelândia;-14,45364777;-56,80234878
5106109;Nossa Senhora do Livramento;-15,77308011;-56,34471095
5106158;Nova Bandeirantes;-9,847753574;-57,81742358
5106174;Nova Nazaré;-13,98968941;-51,80120019
5106182;Nova Lacerda;-14,47709626;-59,58856199
5106190;Nova Santa Helena;-10,84822135;-55,18475375
5106208;Nova Brasilândia;-14,92922291;-54,97367195
5106216;Nova Canaã do Norte;-10,63800443;-55,71005649
5106224;Nova Mutum;-13,81955844;-56,0802912
5106232;Nova Olímpia;-14,78026261;-57,28499497
5106240;Nova Ubiratã;-13,03560341;-55,25041141
5106257;Nova Xavantina;-14,66475139;-52,35261962
5106265;Novo Mundo;-9,977113581;-55,16457737
5106273;Novo Horizonte do Norte;-11,39018355;-57,31779601
5106281;Novo São Joaquim;-14,91557716;-53,01869967
5106299;Paranaíta;-9,671327062;-56,47675937
5106307;Paranatinga;-14,4269766;-54,05100275
5106315;Novo Santo Antônio;-12,29149449;-50,96833057
5106372;Pedra Preta;-16,62195311;-54,47643316
5106422;Peixoto de Azevedo;-10,24484208;-54,9922974
5106455;Planalto da Serra;-14,6616294;-54,77627093
5106505;Poconé;-16,26175012;-56,62965071
5106653;Pontal do Araguaia;-15,90596707;-52,25841797
5106703;Ponte Branca;-16,76646998;-52,83537656
5106752;Pontes e Lacerda;-15,2308604;-59,33690639
5106778;Porto Alegre do Norte;-10,88072451;-51,63481307
5106802;Porto dos Gaúchos;-11,53526924;-57,41142487
5106828;Porto Esperidião;-15,85520637;-58,46472735
5106851;Porto Estrela;-15,33332444;-57,20459834
5107008;Poxoréu;-15,8281647;-54,39534223
5107040;Primavera do Leste;-15,55260959;-54,30313374
5107065;Querência;-12,59414907;-52,20790667
5107107;São José dos Quatro Marcos;-15,62874619;-58,18036706
5107156;Reserva do Cabaçal;-15,12403935;-58,38163568
5107180;Ribeirão Cascalheira;-12,93518493;-51,82361748
5107198;Ribeirãozinho;-16,48816226;-52,69455065
5107206;Rio Branco;-15,24293421;-58,11729627
5107248;Santa Carmem;-11,97774081;-55,27740983
5107263;Santo Afonso;-14,49591211;-57,00368741
5107297;São José do Povo;-16,46569495;-54,25428909
5107305;São José do Rio Claro;-13,45022334;-56,7210218
5107354;São José do Xingu;-10,8012493;-52,731308
5107404;São Pedro da Cipa;-16,00141487;-54,91911067
5107578;Rondolândia;-10,84242475;-61,46057209
5107602;Rondonópolis;-16,46469911;-54,64142616
5107701;Rosário Oeste;-14,82544864;-56,42465526
5107743;Santa Cruz do Xingu;-10,15509321;-52,39193503
5107750;Salto do Céu;-15,13037891;-58,12883981
5107768;Santa Rita do Trivelato;-13,81618331;-55,27417893
5107776;Santa Terezinha;-10,46901197;-50,5108149
5107792;Santo Antônio do Leste;-14,80130919;-53,61129308
5107800;Santo Antônio do Leverger;-15,86367322;-56,07538358
5107859;São Félix do Araguaia;-11,62485744;-50,68779749
5107875;Sapezal;-13,54537353;-58,81939453
5107883;Serra Nova Dourada;-12,09090644;-51,40221451
5107909;Sinop;-11,85968164;-55,50745979
5107925;Sorriso;-12,5436616;-55,72452785
5107941;Tabaporã;-11,30886449;-56,82333487
5107958;Tangará da Serra;-14,6308652;-57,48941798
5108006;Tapurah;-12,73765056;-56,51431599
5108055;Terra Nova do Norte;-10,59722808;-55,11890109
5108105;Tesouro;-16,0815894;-53,5544639
5108204;Torixoréu;-16,19872048;-52,55790701
5108303;União do Sul;-11,53016243;-54,36865393
5108352;Vale de São Domingos;-15,2958615;-59,0648755
5108402;Várzea Grande;-15,66583783;-56,12895632
5108501;Vera;-12,28911078;-55,29697309
5108600;Vila Rica;-10,01590214;-51,12132454
5108808;Nova Guarita;-10,31492187;-55,40552347
5108857;Nova Marilândia;-14,36841356;-56,97534298
5108907;Nova Maringá;-13,03066748;-57,09223219
5108956;Nova Monte Verde;-9,974381754;-57,46758268
5200050;Abadia de Goiás;-16,76206165;-49,43840331
5200100;Abadiânia;-16,18957854;-48,71143987
5200134;Acreúna;-17,40001778;-50,37930694
5200159;Adelândia;-16,41653887;-50,16836645
5200175;Água Fria de Goiás;-14,98139049;-47,78271734
5200209;Água Limpa;-18,074;-48,76200001
5200258;Águas Lindas de Goiás;-15,74141132;-48,25978065
5200308;Alexânia;-16,08702207;-48,50102981
5200506;Aloândia;-17,72893878;-49,48132463
5200555;Alto Horizonte;-14,19404083;-49,33790667
5200605;Alto Paraíso de Goiás;-14,13996428;-47,51773543
5200803;Alvorada do Norte;-14,48444059;-46,49437928
5200829;Amaralina;-13,92790023;-49,29834804
5200852;Americano do Brasil;-16,25304578;-49,97990161
5200902;Amorinópolis;-16,61999592;-51,09480526
5201108;Anápolis;-16,32719464;-48,94356305
5201207;Anhanguera;-18,337;-48,21900002
5201306;Anicuns;-16,45895653;-49,95890592
5201405;Aparecida de Goiânia;-16,8175277;-49,25704225
5201454;Aparecida do Rio Doce;-18,299;-51,145
5201504;Aporé;-18,965;-51,926
5201603;Araçu;-16,35872006;-49,67800492
5201702;Aragarças;-15,90328695;-52,2451007
5201801;Aragoiânia;-16,91308306;-49,4511943
5202155;Araguapaz;-15,0934939;-50,62861427
5202353;Arenópolis;-16,38605487;-51,55978024
5202502;Aruanã;-14,92627114;-51,08086961
5202601;Aurilândia;-16,67958773;-50,46893452
5202809;Avelinópolis;-16,46422537;-49,75733394
5203104;Baliza;-16,19754383;-52,54444294
5203203;Barro Alto;-14,9706489;-48,91840326
5203302;Bela Vista de Goiás;-16,9755095;-48,96001455
5203401;Bom Jardim de Goiás;-16,19855569;-52,17632555
5203500;Bom Jesus de Goiás;-18,215;-49,742
5203559;Bonfinópolis;-16,62170524;-48,96962977
5203575;Bonópolis;-13,6508784;-49,83424591
5203609;Brazabrantes;-16,43156649;-49,3857583
5203807;Britânia;-15,24287351;-51,16543975
5203906;Buriti Alegre;-18,144;-49,04400001
5203939;Buriti de Goiás;-16,18171519;-50,43382768
5203962;Buritinópolis;-14,45605698;-46,43139348
5204003;Cabeceiras;-15,80622258;-46,92377426
5204102;Cachoeira Alta;-18,763;-50,942
5204201;Cachoeira de Goiás;-16,66687444;-50,64362989
5204250;Cachoeira Dourada;-18,492;-49,475
5204300;Caçu;-18,557;-51,131
5204409;Caiapônia;-16,95397906;-51,81234331
5204508;Caldas Novas;-17,74551501;-48,61852603
5204557;Caldazinha;-16,71552425;-48,99923667
5204607;Campestre de Goiás;-16,76340749;-49,69424236
5204656;Campinaçu;-13,79108289;-48,56910285
5204706;Campinorte;-14,3113884;-49,15205311
5204805;Campo Alegre de Goiás;-17,63477595;-47,77463484
5204854;Campo Limpo de Goiás;-16,29242778;-49,09230332
5204904;Campos Belos;-13,03152585;-46,76931049
5204953;Campos Verdes;-14,26635106;-49,6591163
5205000;Carmo do Rio Verde;-15,35553743;-49,70445895
5205059;Castelândia;-18,08865831;-50,21372576
5205109;Catalão;-18,16858222;-47,94412326
5205208;Caturaí;-16,44710337;-49,49591082
5205307;Cavalcante;-13,79208315;-47,45704855
5205406;Ceres;-15,31021263;-49,60877429
5205455;Cezarina;-16,96990788;-49,76915624
5205471;Chapadão do Céu;-18,39457659;-52,6649011
5205497;Cidade Ocidental;-16,10067988;-47,94300851
5205513;Cocalzinho de Goiás;-15,77637281;-48,76910481
5205521;Colinas do Sul;-14,15138361;-48,07351299
5205703;Córrego do Ouro;-16,29540683;-50,5525832
5205802;Corumbá de Goiás;-15,92831083;-48,80901688
5205901;Corumbaíba;-18,142;-48,56200001
5206206;Cristalina;-16,76602437;-47,60179578
5206305;Cristianópolis;-17,19904906;-48,70664357
5206404;Crixás;-14,53322214;-49,9633314
5206503;Cromínia;-17,29260223;-49,37101058
5206602;Cumari;-18,263;-48,15100002
5206701;Damianópolis;-14,56022775;-46,17183131
5206800;Damolândia;-16,25457441;-49,36688578
5206909;Davinópolis;-18,15348732;-47,56245237
5207105;Diorama;-16,23387429;-51,25868378
5207253;Doverlândia;-16,72170959;-52,31420109
5207352;Edealina;-17,42228113;-49,66635198
5207402;Edéia;-17,33994104;-49,92408668
5207501;Estrela do Norte;-13,86759026;-49,06880908
5207535;Faina;-15,44749706;-50,36098875
5207600;Fazenda Nova;-16,18002869;-50,78223586
5207808;Firminópolis;-16,58116887;-50,30586391
5207907;Flores de Goiás;-14,45336027;-47,04252821
5208004;Formosa;-15,55171691;-47,33200345
5208103;Formoso;-13,65083025;-48,87468233
5208152;Gameleira de Goiás;-16,48468149;-48,64583256
5208301;Divinópolis de Goiás;-13,29167184;-46,39582153
5208400;Goianápolis;-16,50229877;-49,02072555
5208509;Goiandira;-18,133;-48,08500002
5208608;Goianésia;-15,31711375;-49,11480955
5208707;Goiânia;-16,69799832;-49,26308828
5208806;Goianira;-16,51184038;-49,42061669
5208905;Goiás;-15,94084711;-50,14340215
5209101;Goiatuba;-18,013;-49,35700001
5209150;Gouvelândia;-18,44103157;-50,13603781
5209200;Guapó;-16,83317099;-49,53529198
5209291;Guaraíta;-15,63263126;-50,02963108
5209408;Guarani de Goiás;-13,94021138;-46,47954721
5209457;Guarinos;-14,73362922;-49,70218533
5209606;Heitoraí;-15,72256892;-49,82691788
5209705;Hidrolândia;-16,96951635;-49,22835755
5209804;Hidrolina;-14,72057382;-49,46839334
5209903;Iaciara;-14,101101;-46,633452
5209937;Inaciolândia;-18,488;-49,987
5209952;Indiara;-17,14428741;-49,99508926
5210000;Inhumas;-16,37063646;-49,48907156
5210109;Ipameri;-17,71522561;-48,15508801
5210158;Ipiranga de Goiás;-15,17315333;-49,67217742
5210208;Iporá;-16,43612046;-51,11859718
5210307;Israelândia;-16,31412503;-50,90574645
5210406;Itaberaí;-16,02185178;-49,79896014
5210562;Itaguari;-15,91920286;-49,60337143
5210604;Itaguaru;-15,76112516;-49,63407468
5210802;Itajá;-19,067;-51,544
5210901;Itapaci;-14,95536867;-49,55116444
5211008;Itapirapuã;-15,82599606;-50,60621275
5211206;Itapuranga;-15,56043644;-49,94050315
5211305;Itarumã;-18,769;-51,348
5211404;Itauçu;-16,20357326;-49,60486564
5211503;Itumbiara;-18,42;-49,21800001
5211602;Ivolândia;-16,60606421;-50,79246253
5211701;Jandaia;-17,04326532;-50,1493957
5211800;Jaraguá;-15,7494203;-49,33356392
5211909;Jataí;-17,88308533;-51,72428188
5212006;Jaupaci;-16,18151745;-50,9544816
5212055;Jesúpolis;-15,956219;-49,37510444
5212105;Joviânia;-17,80725189;-49,62918409
5212204;Jussara;-15,86853419;-50,86914998
5212253;Lagoa Santa;-19,18420683;-51,40183614
5212303;Leopoldo de Bulhões;-16,62336425;-48,74324032
5212501;Luziânia;-16,2352942;-47,92877437
5212600;Mairipotaba;-17,29695603;-49,49447207
5212709;Mambaí;-14,49659882;-46,10906077
5212808;Mara Rosa;-14,01628893;-49,17667769
5212907;Marzagão;-17,97885169;-48,64353434
5212956;Matrinchã;-15,43712146;-50,74526457
5213004;Maurilândia;-17,97429336;-50,33384286
5213053;Mimoso de Goiás;-15,05850495;-48,16241133
5213087;Minaçu;-13,52502335;-48,21467948
5213103;Mineiros;-17,57016024;-52,55707596
5213400;Moiporá;-16,54488698;-50,73875905
5213509;Monte Alegre de Goiás;-13,25828163;-46,89154254
5213707;Montes Claros de Goiás;-16,00515769;-51,39288866
5213756;Montividiu;-17,44281398;-51,1716186
5213772;Montividiu do Norte;-13,34943233;-48,6872322
5213806;Morrinhos;-17,7335313;-49,11270191
5213855;Morro Agudo de Goiás;-15,31930288;-50,0569402
5213905;Mossâmedes;-16,12439619;-50,20710531
5214002;Mozarlândia;-14,74283451;-50,57413551
5214051;Mundo Novo;-13,77203101;-50,28231644
5214101;Mutunópolis;-13,73019473;-49,27199054
5214408;Nazário;-16,58716349;-49,88388788
5214507;Nerópolis;-16,39602889;-49,22637535
5214606;Niquelândia;-14,46805737;-48,45991454
5214705;Nova América;-15,02143128;-49,89645932
5214804;Nova Aurora;-18,059;-48,25500002
5214838;Nova Crixás;-14,09911311;-50,33500504
5214861;Nova Glória;-15,14670405;-49,57905016
5214879;Nova Iguaçu de Goiás;-14,28554217;-49,39007182
5214903;Nova Roma;-13,74091385;-46,88593946
5215009;Nova Veneza;-16,37178453;-49,31963277
5215207;Novo Brasil;-16,03425551;-50,71127204
5215231;Novo Gama;-16,0532734;-48,03191125
5215256;Novo Planalto;-13,24072804;-49,50595318
5215306;Orizona;-17,03412589;-48,30207323
5215405;Ouro Verde de Goiás;-16,21826638;-49,19669188
5215504;Ouvidor;-18,23218213;-47,83508535
5215603;Padre Bernardo;-15,16421844;-48,28657588
5215652;Palestina de Goiás;-16,74338365;-51,52887878
5215702;Palmeiras de Goiás;-16,81301545;-49,92497906
5215801;Palmelo;-17,3260973;-48,42709546
5215900;Palminópolis;-16,79470429;-50,16434908
5216007;Panamá;-18,177;-49,354
5216304;Paranaiguara;-18,916;-50,654
5216403;Paraúna;-16,96569329;-50,42710598
5216452;Perolândia;-17,52608243;-52,06424938
5216809;Petrolina de Goiás;-16,10066419;-49,33548512
5216908;Pilar de Goiás;-14,76333661;-49,58050072
5217104;Piracanjuba;-17,30192192;-49,02602955
5217203;Piranhas;-16,42720301;-51,81973725
5217302;Pirenópolis;-15,85494195;-48,94877138
5217401;Pires do Rio;-17,30399036;-48,28087837
5217609;Planaltina;-15,44631517;-47,61193001
5217708;Pontalina;-17,51655521;-49,44913294
5218003;Porangatu;-13,43447076;-49,14155664
5218052;Porteirão;-17,81046635;-50,16585751
5218102;Portelândia;-17,35325098;-52,68114365
5218300;Posse;-14,08927713;-46,36323221
5218391;Professor Jamil;-17,25489964;-49,24528389
5218508;Quirinópolis;-18,448;-50,452
5218607;Rialma;-15,31754646;-49,57736594
5218706;Rianápolis;-15,44913443;-49,50871042
5218789;Rio Quente;-17,77020175;-48,75671666
5218805;Rio Verde;-17,79293758;-50,92758117
5218904;Rubiataba;-15,16371664;-49,80141705
5219001;Sanclerlândia;-16,20185914;-50,31224955
5219100;Santa Bárbara de Goiás;-16,57887767;-49,70156192
5219209;Santa Cruz de Goiás;-17,31608881;-48,48296125
5219258;Santa Fé de Goiás;-15,77094244;-51,10492256
5219308;Santa Helena de Goiás;-17,81618285;-50,59760073
5219357;Santa Isabel;-15,29782214;-49,42506453
5219407;Santa Rita do Araguaia;-17,32425852;-53,20426946
5219456;Santa Rita do Novo Destino;-15,13522576;-49,11891311
5219506;Santa Rosa de Goiás;-16,08434838;-49,49327794
5219605;Santa Tereza de Goiás;-13,71193112;-49,01884289
5219704;Santa Terezinha de Goiás;-14,43481163;-49,71433038
5219712;Santo Antônio da Barra;-17,55826757;-50,6322617
5219738;Santo Antônio de Goiás;-16,48654315;-49,30946822
5219753;Santo Antônio do Descoberto;-15,94779884;-48,26505711
5219803;São Domingos;-13,40316512;-46,31147632
5219902;São Francisco de Goiás;-15,93202096;-49,26031485
5220009;São João d'Aliança;-14,70795565;-47,52176353
5220058;São João da Paraúna;-16,8159759;-50,40747209
5220108;São Luís de Montes Belos;-16,51410686;-50,37482105
5220157;São Luiz do Norte;-14,86298079;-49,33055149
5220207;São Miguel do Araguaia;-13,27310692;-50,1685875
5220264;São Miguel do Passa Quatro;-17,05642588;-48,66342726
5220280;São Patrício;-15,35050255;-49,81572697
5220405;São Simão;-19,00407666;-50,54692516
5220454;Senador Canedo;-16,69815719;-49,10501785
5220504;Serranópolis;-18,306;-51,962
5220603;Silvânia;-16,66845719;-48,613421
5220686;Simolândia;-14,47207058;-46,48317624
5220702;Sítio d'Abadia;-14,80485523;-46,25385406
5221007;Taquaral de Goiás;-16,05500387;-49,60258016
5221080;Teresina de Goiás;-13,77823042;-47,26450541
5221197;Terezópolis de Goiás;-16,48269107;-49,09398115
5221304;Três Ranchos;-18,35978943;-47,78063797
5221403;Trindade;-16,66028915;-49,48835309
5221452;Trombas;-13,51108926;-48,74264154
5221502;Turvânia;-16,60948195;-50,13644743
5221551;Turvelândia;-17,85382707;-50,30556624
5221577;Uirapuru;-14,2828953;-49,91819571
5221601;Uruaçu;-14,52287484;-49,14342804
5221700;Uruana;-15,50501229;-49,67938453
5221809;Urutaí;-17,46369693;-48,20185095
5221858;Valparaíso de Goiás;-16,0642801;-47,97393216
5221908;Varjão;-17,0440189;-49,63246898
5222005;Vianópolis;-16,74573646;-48,50667118
5222054;Vicentinópolis;-17,73092193;-49,80746824
5222203;Vila Boa;-15,03412433;-47,05293053
5222302;Vila Propício;-15,45688231;-48,8848969
5300108;Brasília;-15,78368965;-47,88061197
